RallyId,Player1Won,dataset_split,position,shot,prefix_sequence,win_probability_after_shot,delta_vs_previous_shot,cumulative_delta_vs_first_shot
5_1,0,validation,1,Serve,Serve,0.4931,0.0,0.0
5_1,0,validation,2,Lift,Serve -> Lift,0.4941,0.001,0.001
5_1,0,validation,3,Drop,Serve -> Lift -> Drop,0.4943,0.0002,0.0012
5_1,0,validation,4,Lift,Serve -> Lift -> Drop -> Lift,0.4948,0.0005,0.0017
5_1,0,validation,5,Net,Serve -> Lift -> Drop -> Lift -> Net,0.4955,0.0007,0.0024
5_2,0,train,1,Lift,Lift,0.4989,0.0,0.0
5_2,0,train,2,Drive,Lift -> Drive,0.4984,-0.0005,-0.0005
5_2,0,train,3,Drive,Lift -> Drive -> Drive,0.498,-0.0004,-0.0008
5_2,0,train,4,Clear,Lift -> Drive -> Drive -> Clear,0.4987,0.0007,-0.0001
5_2,0,train,5,Drop,Lift -> Drive -> Drive -> Clear -> Drop,0.4986,-0.0001,-0.0002
5_2,0,train,6,Lift,Lift -> Drive -> Drive -> Clear -> Drop -> Lift,0.4986,-0.0,-0.0002
5_2,0,train,7,Drop,Lift -> Drive -> Drive -> Clear -> Drop -> Lift -> Drop,0.4986,-0.0,-0.0003
5_2,0,train,8,Clear,Lift -> Drive -> Drive -> Clear -> Drop -> Lift -> Drop -> Clear,0.4991,0.0005,0.0002
5_2,0,train,9,Drive,Lift -> Drive -> Drive -> Clear -> Drop -> Lift -> Drop -> Clear -> Drive,0.4994,0.0003,0.0005
5_2,0,train,10,Lift,Lift -> Drive -> Drive -> Clear -> Drop -> Lift -> Drop -> Clear -> Drive -> Lift,0.4997,0.0003,0.0008
5_2,0,train,11,Clear,Lift -> Drive -> Drive -> Clear -> Drop -> Lift -> Drop -> Clear -> Drive -> Lift -> Clear,0.5002,0.0005,0.0013
5_2,0,train,12,Lift,Lift -> Drive -> Drive -> Clear -> Drop -> Lift -> Drop -> Clear -> Drive -> Lift -> Clear -> Lift,0.5005,0.0003,0.0016
5_2,0,train,13,Drive,Lift -> Drive -> Drive -> Clear -> Drop -> Lift -> Drop -> Clear -> Drive -> Lift -> Clear -> Lift -> Drive,0.5008,0.0002,0.0019
5_2,0,train,14,Lift,Lift -> Drive -> Drive -> Clear -> Drop -> Lift -> Drop -> Clear -> Drive -> Lift -> Clear -> Lift -> Drive -> Lift,0.501,0.0002,0.0021
5_2,0,train,15,Drive,Lift -> Drive -> Drive -> Clear -> Drop -> Lift -> Drop -> Clear -> Drive -> Lift -> Clear -> Lift -> Drive -> Lift -> Drive,0.5011,0.0001,0.0022
5_2,0,train,16,Fall,Lift -> Drive -> Drive -> Clear -> Drop -> Lift -> Drop -> Clear -> Drive -> Lift -> Clear -> Lift -> Drive -> Lift -> Drive -> Fall,0.5015,0.0004,0.0027
5_3,0,train,1,Drive,Drive,0.5036,0.0,0.0
5_3,0,train,2,Lift,Drive -> Lift,0.4997,-0.0039,-0.0039
5_3,0,train,3,Miss,Drive -> Lift -> Miss,0.4986,-0.0011,-0.0051
5_4,0,train,1,Serve,Serve,0.4931,0.0,0.0
5_4,0,train,2,Lift,Serve -> Lift,0.4941,0.001,0.001
5_4,0,train,3,Lift,Serve -> Lift -> Lift,0.4945,0.0004,0.0014
5_4,0,train,4,Lift,Serve -> Lift -> Lift -> Lift,0.495,0.0004,0.0019
5_4,0,train,5,Lift,Serve -> Lift -> Lift -> Lift -> Lift,0.4954,0.0004,0.0023
5_4,0,train,6,Drop,Serve -> Lift -> Lift -> Lift -> Lift -> Drop,0.4958,0.0004,0.0027
5_4,0,train,7,Net,Serve -> Lift -> Lift -> Lift -> Lift -> Drop -> Net,0.4964,0.0005,0.0032
5_5,0,train,1,Drop,Drop,0.4978,0.0,0.0
5_5,0,train,2,Drive,Drop -> Drive,0.4977,-0.0002,-0.0002
5_5,0,train,3,Lift,Drop -> Drive -> Lift,0.4975,-0.0001,-0.0003
5_5,0,train,4,Lift,Drop -> Drive -> Lift -> Lift,0.4975,-0.0,-0.0003
5_5,0,train,5,Drive,Drop -> Drive -> Lift -> Lift -> Drive,0.4976,0.0001,-0.0003
5_5,0,train,6,Smash,Drop -> Drive -> Lift -> Lift -> Drive -> Smash,0.4979,0.0004,0.0001
5_5,0,train,7,Lift,Drop -> Drive -> Lift -> Lift -> Drive -> Smash -> Lift,0.4982,0.0003,0.0004
5_5,0,train,8,Drop,Drop -> Drive -> Lift -> Lift -> Drive -> Smash -> Lift -> Drop,0.4984,0.0002,0.0006
5_5,0,train,9,Clear,Drop -> Drive -> Lift -> Lift -> Drive -> Smash -> Lift -> Drop -> Clear,0.499,0.0006,0.0011
5_5,0,train,10,Drive,Drop -> Drive -> Lift -> Lift -> Drive -> Smash -> Lift -> Drop -> Clear -> Drive,0.4994,0.0004,0.0015
5_5,0,train,11,Drop,Drop -> Drive -> Lift -> Lift -> Drive -> Smash -> Lift -> Drop -> Clear -> Drive -> Drop,0.4996,0.0003,0.0018
5_5,0,train,12,Lift,Drop -> Drive -> Lift -> Lift -> Drive -> Smash -> Lift -> Drop -> Clear -> Drive -> Drop -> Lift,0.4999,0.0003,0.0021
5_5,0,train,13,Drive,Drop -> Drive -> Lift -> Lift -> Drive -> Smash -> Lift -> Drop -> Clear -> Drive -> Drop -> Lift -> Drive,0.5001,0.0002,0.0023
5_5,0,train,14,Fall,Drop -> Drive -> Lift -> Lift -> Drive -> Smash -> Lift -> Drop -> Clear -> Drive -> Drop -> Lift -> Drive -> Fall,0.5007,0.0006,0.0029
5_6,0,train,1,Serve,Serve,0.4931,0.0,0.0
5_6,0,train,2,Lift,Serve -> Lift,0.4941,0.001,0.001
5_6,0,train,3,Clear,Serve -> Lift -> Clear,0.4958,0.0016,0.0027
5_6,0,train,4,Lift,Serve -> Lift -> Clear -> Lift,0.4964,0.0006,0.0033
5_6,0,train,5,Fall,Serve -> Lift -> Clear -> Lift -> Fall,0.498,0.0016,0.0049
5_7,0,test,1,Serve,Serve,0.4931,0.0,0.0
5_7,0,test,2,Drive,Serve -> Drive,0.494,0.0009,0.0009
5_7,0,test,3,Lift,Serve -> Drive -> Lift,0.4945,0.0005,0.0014
5_7,0,test,4,Miss,Serve -> Drive -> Lift -> Miss,0.4951,0.0005,0.002
5_8,0,test,1,Lift,Lift,0.4989,0.0,0.0
5_8,0,test,2,Drive,Lift -> Drive,0.4984,-0.0005,-0.0005
5_8,0,test,3,Drop,Lift -> Drive -> Drop,0.4977,-0.0007,-0.0011
5_8,0,test,4,Drive,Lift -> Drive -> Drop -> Drive,0.4975,-0.0002,-0.0014
5_8,0,test,5,Miss,Lift -> Drive -> Drop -> Drive -> Miss,0.4976,0.0001,-0.0012
5_9,1,train,1,Smash,Smash,0.5043,0.0,0.0
5_9,1,train,2,Drop,Smash -> Drop,0.4997,-0.0045,-0.0045
5_9,1,train,3,Drive,Smash -> Drop -> Drive,0.4988,-0.001,-0.0055
5_9,1,train,4,Lift,Smash -> Drop -> Drive -> Lift,0.4985,-0.0003,-0.0058
5_9,1,train,5,Drop,Smash -> Drop -> Drive -> Lift -> Drop,0.4983,-0.0002,-0.006
5_9,1,train,6,Drive,Smash -> Drop -> Drive -> Lift -> Drop -> Drive,0.4983,-0.0,-0.006
5_9,1,train,7,Drop,Smash -> Drop -> Drive -> Lift -> Drop -> Drive -> Drop,0.4984,0.0001,-0.0059
5_9,1,train,8,Clear,Smash -> Drop -> Drive -> Lift -> Drop -> Drive -> Drop -> Clear,0.4989,0.0005,-0.0054
5_9,1,train,9,Drop,Smash -> Drop -> Drive -> Lift -> Drop -> Drive -> Drop -> Clear -> Drop,0.4993,0.0004,-0.005
5_9,1,train,10,Drop,Smash -> Drop -> Drive -> Lift -> Drop -> Drive -> Drop -> Clear -> Drop -> Drop,0.4996,0.0003,-0.0047
5_9,1,train,11,Lift,Smash -> Drop -> Drive -> Lift -> Drop -> Drive -> Drop -> Clear -> Drop -> Drop -> Lift,0.4999,0.0003,-0.0043
5_9,1,train,12,Drive,Smash -> Drop -> Drive -> Lift -> Drop -> Drive -> Drop -> Clear -> Drop -> Drop -> Lift -> Drive,0.5002,0.0003,-0.0041
5_9,1,train,13,Drive,Smash -> Drop -> Drive -> Lift -> Drop -> Drive -> Drop -> Clear -> Drop -> Drop -> Lift -> Drive -> Drive,0.5005,0.0003,-0.0038
5_9,1,train,14,Drive,Smash -> Drop -> Drive -> Lift -> Drop -> Drive -> Drop -> Clear -> Drop -> Drop -> Lift -> Drive -> Drive -> Drive,0.5007,0.0002,-0.0036
5_9,1,train,15,Lift,Smash -> Drop -> Drive -> Lift -> Drop -> Drive -> Drop -> Clear -> Drop -> Drop -> Lift -> Drive -> Drive -> Drive -> Lift,0.5009,0.0002,-0.0034
5_9,1,train,16,Smash,Smash -> Drop -> Drive -> Lift -> Drop -> Drive -> Drop -> Clear -> Drop -> Drop -> Lift -> Drive -> Drive -> Drive -> Lift -> Smash,0.5012,0.0003,-0.0031
5_9,1,train,17,Lift,Smash -> Drop -> Drive -> Lift -> Drop -> Drive -> Drop -> Clear -> Drop -> Drop -> Lift -> Drive -> Drive -> Drive -> Lift -> Smash -> Lift,0.5014,0.0002,-0.0029
5_9,1,train,18,Drop,Smash -> Drop -> Drive -> Lift -> Drop -> Drive -> Drop -> Clear -> Drop -> Drop -> Lift -> Drive -> Drive -> Drive -> Lift -> Smash -> Lift -> Drop,0.5015,0.0002,-0.0028
5_9,1,train,19,Lift,Smash -> Drop -> Drive -> Lift -> Drop -> Drive -> Drop -> Clear -> Drop -> Drop -> Lift -> Drive -> Drive -> Drive -> Lift -> Smash -> Lift -> Drop -> Lift,0.5017,0.0001,-0.0026
5_9,1,train,20,Smash,Smash -> Drop -> Drive -> Lift -> Drop -> Drive -> Drop -> Clear -> Drop -> Drop -> Lift -> Drive -> Drive -> Drive -> Lift -> Smash -> Lift -> Drop -> Lift -> Smash,0.5019,0.0002,-0.0024
5_9,1,train,21,Smash,Smash -> Drop -> Drive -> Lift -> Drop -> Drive -> Drop -> Clear -> Drop -> Drop -> Lift -> Drive -> Drive -> Drive -> Lift -> Smash -> Lift -> Drop -> Lift -> Smash -> Smash,0.5021,0.0002,-0.0022
5_9,1,train,22,Drop,Smash -> Drop -> Drive -> Lift -> Drop -> Drive -> Drop -> Clear -> Drop -> Drop -> Lift -> Drive -> Drive -> Drive -> Lift -> Smash -> Lift -> Drop -> Lift -> Smash -> Smash -> Drop,0.5022,0.0002,-0.002
5_9,1,train,23,Lift,Smash -> Drop -> Drive -> Lift -> Drop -> Drive -> Drop -> Clear -> Drop -> Drop -> Lift -> Drive -> Drive -> Drive -> Lift -> Smash -> Lift -> Drop -> Lift -> Smash -> Smash -> Drop -> Lift,0.5024,0.0001,-0.0019
5_9,1,train,24,Drive,Smash -> Drop -> Drive -> Lift -> Drop -> Drive -> Drop -> Clear -> Drop -> Drop -> Lift -> Drive -> Drive -> Drive -> Lift -> Smash -> Lift -> Drop -> Lift -> Smash -> Smash -> Drop -> Lift -> Drive,0.5025,0.0001,-0.0018
5_9,1,train,25,Smash,Smash -> Drop -> Drive -> Lift -> Drop -> Drive -> Drop -> Clear -> Drop -> Drop -> Lift -> Drive -> Drive -> Drive -> Lift -> Smash -> Lift -> Drop -> Lift -> Smash -> Smash -> Drop -> Lift -> Drive -> Smash,0.5026,0.0002,-0.0016
5_9,1,train,26,Serve,Smash -> Drop -> Drive -> Lift -> Drop -> Drive -> Drop -> Clear -> Drop -> Drop -> Lift -> Drive -> Drive -> Drive -> Lift -> Smash -> Lift -> Drop -> Lift -> Smash -> Smash -> Drop -> Lift -> Drive -> Smash -> Serve,0.5026,-0.0,-0.0017
5_9,1,train,27,Lift,Smash -> Drop -> Drive -> Lift -> Drop -> Drive -> Drop -> Clear -> Drop -> Drop -> Lift -> Drive -> Drive -> Drive -> Lift -> Smash -> Lift -> Drop -> Lift -> Smash -> Smash -> Drop -> Lift -> Drive -> Smash -> Serve -> Lift,0.5026,0.0,-0.0017
5_9,1,train,28,Drop,Smash -> Drop -> Drive -> Lift -> Drop -> Drive -> Drop -> Clear -> Drop -> Drop -> Lift -> Drive -> Drive -> Drive -> Lift -> Smash -> Lift -> Drop -> Lift -> Smash -> Smash -> Drop -> Lift -> Drive -> Smash -> Serve -> Lift -> Drop,0.5026,0.0,-0.0016
5_9,1,train,29,Smash,Smash -> Drop -> Drive -> Lift -> Drop -> Drive -> Drop -> Clear -> Drop -> Drop -> Lift -> Drive -> Drive -> Drive -> Lift -> Smash -> Lift -> Drop -> Lift -> Smash -> Smash -> Drop -> Lift -> Drive -> Smash -> Serve -> Lift -> Drop -> Smash,0.5027,0.0001,-0.0015
5_9,1,train,30,Drive,Smash -> Drop -> Drive -> Lift -> Drop -> Drive -> Drop -> Clear -> Drop -> Drop -> Lift -> Drive -> Drive -> Drive -> Lift -> Smash -> Lift -> Drop -> Lift -> Smash -> Smash -> Drop -> Lift -> Drive -> Smash -> Serve -> Lift -> Drop -> Smash -> Drive,0.5028,0.0001,-0.0015
5_9,1,train,31,Lift,Smash -> Drop -> Drive -> Lift -> Drop -> Drive -> Drop -> Clear -> Drop -> Drop -> Lift -> Drive -> Drive -> Drive -> Lift -> Smash -> Lift -> Drop -> Lift -> Smash -> Smash -> Drop -> Lift -> Drive -> Smash -> Serve -> Lift -> Drop -> Smash -> Drive -> Lift,0.5029,0.0001,-0.0014
5_9,1,train,32,Drive,Smash -> Drop -> Drive -> Lift -> Drop -> Drive -> Drop -> Clear -> Drop -> Drop -> Lift -> Drive -> Drive -> Drive -> Lift -> Smash -> Lift -> Drop -> Lift -> Smash -> Smash -> Drop -> Lift -> Drive -> Smash -> Serve -> Lift -> Drop -> Smash -> Drive -> Lift -> Drive,0.5029,0.0001,-0.0014
5_9,1,train,33,Drive,Smash -> Drop -> Drive -> Lift -> Drop -> Drive -> Drop -> Clear -> Drop -> Drop -> Lift -> Drive -> Drive -> Drive -> Lift -> Smash -> Lift -> Drop -> Lift -> Smash -> Smash -> Drop -> Lift -> Drive -> Smash -> Serve -> Lift -> Drop -> Smash -> Drive -> Lift -> Drive -> Drive,0.503,0.0,-0.0013
5_9,1,train,34,Lift,Smash -> Drop -> Drive -> Lift -> Drop -> Drive -> Drop -> Clear -> Drop -> Drop -> Lift -> Drive -> Drive -> Drive -> Lift -> Smash -> Lift -> Drop -> Lift -> Smash -> Smash -> Drop -> Lift -> Drive -> Smash -> Serve -> Lift -> Drop -> Smash -> Drive -> Lift -> Drive -> Drive -> Lift,0.503,0.0,-0.0013
5_9,1,train,35,Smash,Smash -> Drop -> Drive -> Lift -> Drop -> Drive -> Drop -> Clear -> Drop -> Drop -> Lift -> Drive -> Drive -> Drive -> Lift -> Smash -> Lift -> Drop -> Lift -> Smash -> Smash -> Drop -> Lift -> Drive -> Smash -> Serve -> Lift -> Drop -> Smash -> Drive -> Lift -> Drive -> Drive -> Lift -> Smash,0.5031,0.0001,-0.0012
5_9,1,train,36,Miss,Smash -> Drop -> Drive -> Lift -> Drop -> Drive -> Drop -> Clear -> Drop -> Drop -> Lift -> Drive -> Drive -> Drive -> Lift -> Smash -> Lift -> Drop -> Lift -> Smash -> Smash -> Drop -> Lift -> Drive -> Smash -> Serve -> Lift -> Drop -> Smash -> Drive -> Lift -> Drive -> Drive -> Lift -> Smash -> Miss,0.5031,0.0001,-0.0011
6_1,1,train,1,Serve,Serve,0.4931,0.0,0.0
6_1,1,train,2,Lift,Serve -> Lift,0.4941,0.001,0.001
6_1,1,train,3,Drop,Serve -> Lift -> Drop,0.4943,0.0002,0.0012
6_1,1,train,4,Drive,Serve -> Lift -> Drop -> Drive,0.4948,0.0004,0.0017
6_1,1,train,5,Lift,Serve -> Lift -> Drop -> Drive -> Lift,0.4953,0.0005,0.0022
6_1,1,train,6,Drive,Serve -> Lift -> Drop -> Drive -> Lift -> Drive,0.4957,0.0005,0.0026
6_1,1,train,7,Smash,Serve -> Lift -> Drop -> Drive -> Lift -> Drive -> Smash,0.4964,0.0007,0.0033
6_1,1,train,8,Drop,Serve -> Lift -> Drop -> Drive -> Lift -> Drive -> Smash -> Drop,0.4969,0.0005,0.0038
6_1,1,train,9,Clear,Serve -> Lift -> Drop -> Drive -> Lift -> Drive -> Smash -> Drop -> Clear,0.4977,0.0008,0.0046
6_1,1,train,10,Smash,Serve -> Lift -> Drop -> Drive -> Lift -> Drive -> Smash -> Drop -> Clear -> Smash,0.4984,0.0007,0.0053
6_1,1,train,11,Serve,Serve -> Lift -> Drop -> Drive -> Lift -> Drive -> Smash -> Drop -> Clear -> Smash -> Serve,0.4985,0.0001,0.0054
6_1,1,train,12,Clear,Serve -> Lift -> Drop -> Drive -> Lift -> Drive -> Smash -> Drop -> Clear -> Smash -> Serve -> Clear,0.499,0.0005,0.0059
6_1,1,train,13,Drop,Serve -> Lift -> Drop -> Drive -> Lift -> Drive -> Smash -> Drop -> Clear -> Smash -> Serve -> Clear -> Drop,0.4994,0.0004,0.0063
6_1,1,train,14,Lift,Serve -> Lift -> Drop -> Drive -> Lift -> Drive -> Smash -> Drop -> Clear -> Smash -> Serve -> Clear -> Drop -> Lift,0.4997,0.0003,0.0066
6_1,1,train,15,Drop,Serve -> Lift -> Drop -> Drive -> Lift -> Drive -> Smash -> Drop -> Clear -> Smash -> Serve -> Clear -> Drop -> Lift -> Drop,0.5,0.0003,0.0069
6_1,1,train,16,Drive,Serve -> Lift -> Drop -> Drive -> Lift -> Drive -> Smash -> Drop -> Clear -> Smash -> Serve -> Clear -> Drop -> Lift -> Drop -> Drive,0.5002,0.0003,0.0071
6_1,1,train,17,Drop,Serve -> Lift -> Drop -> Drive -> Lift -> Drive -> Smash -> Drop -> Clear -> Smash -> Serve -> Clear -> Drop -> Lift -> Drop -> Drive -> Drop,0.5005,0.0002,0.0074
6_1,1,train,18,Lift,Serve -> Lift -> Drop -> Drive -> Lift -> Drive -> Smash -> Drop -> Clear -> Smash -> Serve -> Clear -> Drop -> Lift -> Drop -> Drive -> Drop -> Lift,0.5007,0.0002,0.0076
6_1,1,train,19,Drop,Serve -> Lift -> Drop -> Drive -> Lift -> Drive -> Smash -> Drop -> Clear -> Smash -> Serve -> Clear -> Drop -> Lift -> Drop -> Drive -> Drop -> Lift -> Drop,0.5009,0.0002,0.0078
6_1,1,train,20,Drive,Serve -> Lift -> Drop -> Drive -> Lift -> Drive -> Smash -> Drop -> Clear -> Smash -> Serve -> Clear -> Drop -> Lift -> Drop -> Drive -> Drop -> Lift -> Drop -> Drive,0.5011,0.0002,0.008
6_1,1,train,21,Drive,Serve -> Lift -> Drop -> Drive -> Lift -> Drive -> Smash -> Drop -> Clear -> Smash -> Serve -> Clear -> Drop -> Lift -> Drop -> Drive -> Drop -> Lift -> Drop -> Drive -> Drive,0.5013,0.0002,0.0082
6_1,1,train,22,Lift,Serve -> Lift -> Drop -> Drive -> Lift -> Drive -> Smash -> Drop -> Clear -> Smash -> Serve -> Clear -> Drop -> Lift -> Drop -> Drive -> Drop -> Lift -> Drop -> Drive -> Drive -> Lift,0.5014,0.0002,0.0083
6_1,1,train,23,Drop,Serve -> Lift -> Drop -> Drive -> Lift -> Drive -> Smash -> Drop -> Clear -> Smash -> Serve -> Clear -> Drop -> Lift -> Drop -> Drive -> Drop -> Lift -> Drop -> Drive -> Drive -> Lift -> Drop,0.5016,0.0001,0.0085
6_1,1,train,24,Drop,Serve -> Lift -> Drop -> Drive -> Lift -> Drive -> Smash -> Drop -> Clear -> Smash -> Serve -> Clear -> Drop -> Lift -> Drop -> Drive -> Drop -> Lift -> Drop -> Drive -> Drive -> Lift -> Drop -> Drop,0.5017,0.0001,0.0086
6_1,1,train,25,Lift,Serve -> Lift -> Drop -> Drive -> Lift -> Drive -> Smash -> Drop -> Clear -> Smash -> Serve -> Clear -> Drop -> Lift -> Drop -> Drive -> Drop -> Lift -> Drop -> Drive -> Drive -> Lift -> Drop -> Drop -> Lift,0.5019,0.0001,0.0088
6_1,1,train,26,Drop,Serve -> Lift -> Drop -> Drive -> Lift -> Drive -> Smash -> Drop -> Clear -> Smash -> Serve -> Clear -> Drop -> Lift -> Drop -> Drive -> Drop -> Lift -> Drop -> Drive -> Drive -> Lift -> Drop -> Drop -> Lift -> Drop,0.502,0.0001,0.0089
6_1,1,train,27,Drop,Serve -> Lift -> Drop -> Drive -> Lift -> Drive -> Smash -> Drop -> Clear -> Smash -> Serve -> Clear -> Drop -> Lift -> Drop -> Drive -> Drop -> Lift -> Drop -> Drive -> Drive -> Lift -> Drop -> Drop -> Lift -> Drop -> Drop,0.5021,0.0001,0.009
6_1,1,train,28,Lift,Serve -> Lift -> Drop -> Drive -> Lift -> Drive -> Smash -> Drop -> Clear -> Smash -> Serve -> Clear -> Drop -> Lift -> Drop -> Drive -> Drop -> Lift -> Drop -> Drive -> Drive -> Lift -> Drop -> Drop -> Lift -> Drop -> Drop -> Lift,0.5022,0.0001,0.0091
6_1,1,train,29,Drive,Serve -> Lift -> Drop -> Drive -> Lift -> Drive -> Smash -> Drop -> Clear -> Smash -> Serve -> Clear -> Drop -> Lift -> Drop -> Drive -> Drop -> Lift -> Drop -> Drive -> Drive -> Lift -> Drop -> Drop -> Lift -> Drop -> Drop -> Lift -> Drive,0.5024,0.0001,0.0093
6_1,1,train,30,Drop,Serve -> Lift -> Drop -> Drive -> Lift -> Drive -> Smash -> Drop -> Clear -> Smash -> Serve -> Clear -> Drop -> Lift -> Drop -> Drive -> Drop -> Lift -> Drop -> Drive -> Drive -> Lift -> Drop -> Drop -> Lift -> Drop -> Drop -> Lift -> Drive -> Drop,0.5025,0.0001,0.0094
6_1,1,train,31,Clear,Serve -> Lift -> Drop -> Drive -> Lift -> Drive -> Smash -> Drop -> Clear -> Smash -> Serve -> Clear -> Drop -> Lift -> Drop -> Drive -> Drop -> Lift -> Drop -> Drive -> Drive -> Lift -> Drop -> Drop -> Lift -> Drop -> Drop -> Lift -> Drive -> Drop -> Clear,0.5027,0.0002,0.0095
6_1,1,train,32,Drop,Serve -> Lift -> Drop -> Drive -> Lift -> Drive -> Smash -> Drop -> Clear -> Smash -> Serve -> Clear -> Drop -> Lift -> Drop -> Drive -> Drop -> Lift -> Drop -> Drive -> Drive -> Lift -> Drop -> Drop -> Lift -> Drop -> Drop -> Lift -> Drive -> Drop -> Clear -> Drop,0.5028,0.0001,0.0097
6_1,1,train,33,Cross Drop,Serve -> Lift -> Drop -> Drive -> Lift -> Drive -> Smash -> Drop -> Clear -> Smash -> Serve -> Clear -> Drop -> Lift -> Drop -> Drive -> Drop -> Lift -> Drop -> Drive -> Drive -> Lift -> Drop -> Drop -> Lift -> Drop -> Drop -> Lift -> Drive -> Drop -> Clear -> Drop -> Cross Drop,0.503,0.0002,0.0099
6_1,1,train,34,Drop,Serve -> Lift -> Drop -> Drive -> Lift -> Drive -> Smash -> Drop -> Clear -> Smash -> Serve -> Clear -> Drop -> Lift -> Drop -> Drive -> Drop -> Lift -> Drop -> Drive -> Drive -> Lift -> Drop -> Drop -> Lift -> Drop -> Drop -> Lift -> Drive -> Drop -> Clear -> Drop -> Cross Drop -> Drop,0.5031,0.0001,0.01
6_1,1,train,35,Smash,Serve -> Lift -> Drop -> Drive -> Lift -> Drive -> Smash -> Drop -> Clear -> Smash -> Serve -> Clear -> Drop -> Lift -> Drop -> Drive -> Drop -> Lift -> Drop -> Drive -> Drive -> Lift -> Drop -> Drop -> Lift -> Drop -> Drop -> Lift -> Drive -> Drop -> Clear -> Drop -> Cross Drop -> Drop -> Smash,0.5033,0.0002,0.0102
6_1,1,train,36,Drive,Serve -> Lift -> Drop -> Drive -> Lift -> Drive -> Smash -> Drop -> Clear -> Smash -> Serve -> Clear -> Drop -> Lift -> Drop -> Drive -> Drop -> Lift -> Drop -> Drive -> Drive -> Lift -> Drop -> Drop -> Lift -> Drop -> Drop -> Lift -> Drive -> Drop -> Clear -> Drop -> Cross Drop -> Drop -> Smash -> Drive,0.5034,0.0001,0.0103
6_1,1,train,37,Drive,Serve -> Lift -> Drop -> Drive -> Lift -> Drive -> Smash -> Drop -> Clear -> Smash -> Serve -> Clear -> Drop -> Lift -> Drop -> Drive -> Drop -> Lift -> Drop -> Drive -> Drive -> Lift -> Drop -> Drop -> Lift -> Drop -> Drop -> Lift -> Drive -> Drop -> Clear -> Drop -> Cross Drop -> Drop -> Smash -> Drive -> Drive,0.5035,0.0001,0.0104
6_1,1,train,38,Drop,Serve -> Lift -> Drop -> Drive -> Lift -> Drive -> Smash -> Drop -> Clear -> Smash -> Serve -> Clear -> Drop -> Lift -> Drop -> Drive -> Drop -> Lift -> Drop -> Drive -> Drive -> Lift -> Drop -> Drop -> Lift -> Drop -> Drop -> Lift -> Drive -> Drop -> Clear -> Drop -> Cross Drop -> Drop -> Smash -> Drive -> Drive -> Drop,0.5036,0.0001,0.0105
6_1,1,train,39,Smash,Serve -> Lift -> Drop -> Drive -> Lift -> Drive -> Smash -> Drop -> Clear -> Smash -> Serve -> Clear -> Drop -> Lift -> Drop -> Drive -> Drop -> Lift -> Drop -> Drive -> Drive -> Lift -> Drop -> Drop -> Lift -> Drop -> Drop -> Lift -> Drive -> Drop -> Clear -> Drop -> Cross Drop -> Drop -> Smash -> Drive -> Drive -> Drop -> Smash,0.5037,0.0001,0.0106
6_1,1,train,40,Lift,Serve -> Lift -> Drop -> Drive -> Lift -> Drive -> Smash -> Drop -> Clear -> Smash -> Serve -> Clear -> Drop -> Lift -> Drop -> Drive -> Drop -> Lift -> Drop -> Drive -> Drive -> Lift -> Drop -> Drop -> Lift -> Drop -> Drop -> Lift -> Drive -> Drop -> Clear -> Drop -> Cross Drop -> Drop -> Smash -> Drive -> Drive -> Drop -> Smash -> Lift,0.5037,0.0001,0.0106
6_1,1,train,41,Clear,Serve -> Lift -> Drop -> Drive -> Lift -> Drive -> Smash -> Drop -> Clear -> Smash -> Serve -> Clear -> Drop -> Lift -> Drop -> Drive -> Drop -> Lift -> Drop -> Drive -> Drive -> Lift -> Drop -> Drop -> Lift -> Drop -> Drop -> Lift -> Drive -> Drop -> Clear -> Drop -> Cross Drop -> Drop -> Smash -> Drive -> Drive -> Drop -> Smash -> Lift -> Clear,0.5038,0.0001,0.0107
6_1,1,train,42,Cross Drop,Serve -> Lift -> Drop -> Drive -> Lift -> Drive -> Smash -> Drop -> Clear -> Smash -> Serve -> Clear -> Drop -> Lift -> Drop -> Drive -> Drop -> Lift -> Drop -> Drive -> Drive -> Lift -> Drop -> Drop -> Lift -> Drop -> Drop -> Lift -> Drive -> Drop -> Clear -> Drop -> Cross Drop -> Drop -> Smash -> Drive -> Drive -> Drop -> Smash -> Lift -> Clear -> Cross Drop,0.504,0.0002,0.0109
6_1,1,train,43,Smash,Serve -> Lift -> Drop -> Drive -> Lift -> Drive -> Smash -> Drop -> Clear -> Smash -> Serve -> Clear -> Drop -> Lift -> Drop -> Drive -> Drop -> Lift -> Drop -> Drive -> Drive -> Lift -> Drop -> Drop -> Lift -> Drop -> Drop -> Lift -> Drive -> Drop -> Clear -> Drop -> Cross Drop -> Drop -> Smash -> Drive -> Drive -> Drop -> Smash -> Lift -> Clear -> Cross Drop -> Smash,0.5041,0.0001,0.011
6_1,1,train,44,Drop,Serve -> Lift -> Drop -> Drive -> Lift -> Drive -> Smash -> Drop -> Clear -> Smash -> Serve -> Clear -> Drop -> Lift -> Drop -> Drive -> Drop -> Lift -> Drop -> Drive -> Drive -> Lift -> Drop -> Drop -> Lift -> Drop -> Drop -> Lift -> Drive -> Drop -> Clear -> Drop -> Cross Drop -> Drop -> Smash -> Drive -> Drive -> Drop -> Smash -> Lift -> Clear -> Cross Drop -> Smash -> Drop,0.5042,0.0001,0.0111
6_1,1,train,45,Drop,Serve -> Lift -> Drop -> Drive -> Lift -> Drive -> Smash -> Drop -> Clear -> Smash -> Serve -> Clear -> Drop -> Lift -> Drop -> Drive -> Drop -> Lift -> Drop -> Drive -> Drive -> Lift -> Drop -> Drop -> Lift -> Drop -> Drop -> Lift -> Drive -> Drop -> Clear -> Drop -> Cross Drop -> Drop -> Smash -> Drive -> Drive -> Drop -> Smash -> Lift -> Clear -> Cross Drop -> Smash -> Drop -> Drop,0.5043,0.0001,0.0111
6_1,1,train,46,Smash,Serve -> Lift -> Drop -> Drive -> Lift -> Drive -> Smash -> Drop -> Clear -> Smash -> Serve -> Clear -> Drop -> Lift -> Drop -> Drive -> Drop -> Lift -> Drop -> Drive -> Drive -> Lift -> Drop -> Drop -> Lift -> Drop -> Drop -> Lift -> Drive -> Drop -> Clear -> Drop -> Cross Drop -> Drop -> Smash -> Drive -> Drive -> Drop -> Smash -> Lift -> Clear -> Cross Drop -> Smash -> Drop -> Drop -> Smash,0.5043,0.0001,0.0112
6_1,1,train,47,Serve,Serve -> Lift -> Drop -> Drive -> Lift -> Drive -> Smash -> Drop -> Clear -> Smash -> Serve -> Clear -> Drop -> Lift -> Drop -> Drive -> Drop -> Lift -> Drop -> Drive -> Drive -> Lift -> Drop -> Drop -> Lift -> Drop -> Drop -> Lift -> Drive -> Drop -> Clear -> Drop -> Cross Drop -> Drop -> Smash -> Drive -> Drive -> Drop -> Smash -> Lift -> Clear -> Cross Drop -> Smash -> Drop -> Drop -> Smash -> Serve,0.5043,-0.0,0.0112
6_1,1,train,48,Lift,Serve -> Lift -> Drop -> Drive -> Lift -> Drive -> Smash -> Drop -> Clear -> Smash -> Serve -> Clear -> Drop -> Lift -> Drop -> Drive -> Drop -> Lift -> Drop -> Drive -> Drive -> Lift -> Drop -> Drop -> Lift -> Drop -> Drop -> Lift -> Drive -> Drop -> Clear -> Drop -> Cross Drop -> Drop -> Smash -> Drive -> Drive -> Drop -> Smash -> Lift -> Clear -> Cross Drop -> Smash -> Drop -> Drop -> Smash -> Serve -> Lift,0.5043,0.0,0.0112
6_1,1,train,49,Clear,Serve -> Lift -> Drop -> Drive -> Lift -> Drive -> Smash -> Drop -> Clear -> Smash -> Serve -> Clear -> Drop -> Lift -> Drop -> Drive -> Drop -> Lift -> Drop -> Drive -> Drive -> Lift -> Drop -> Drop -> Lift -> Drop -> Drop -> Lift -> Drive -> Drop -> Clear -> Drop -> Cross Drop -> Drop -> Smash -> Drive -> Drive -> Drop -> Smash -> Lift -> Clear -> Cross Drop -> Smash -> Drop -> Drop -> Smash -> Serve -> Lift -> Clear,0.5043,0.0001,0.0112
6_1,1,train,50,Drop,Serve -> Lift -> Drop -> Drive -> Lift -> Drive -> Smash -> Drop -> Clear -> Smash -> Serve -> Clear -> Drop -> Lift -> Drop -> Drive -> Drop -> Lift -> Drop -> Drive -> Drive -> Lift -> Drop -> Drop -> Lift -> Drop -> Drop -> Lift -> Drive -> Drop -> Clear -> Drop -> Cross Drop -> Drop -> Smash -> Drive -> Drive -> Drop -> Smash -> Lift -> Clear -> Cross Drop -> Smash -> Drop -> Drop -> Smash -> Serve -> Lift -> Clear -> Drop,0.5044,0.0,0.0113
6_1,1,train,51,Lift,Serve -> Lift -> Drop -> Drive -> Lift -> Drive -> Smash -> Drop -> Clear -> Smash -> Serve -> Clear -> Drop -> Lift -> Drop -> Drive -> Drop -> Lift -> Drop -> Drive -> Drive -> Lift -> Drop -> Drop -> Lift -> Drop -> Drop -> Lift -> Drive -> Drop -> Clear -> Drop -> Cross Drop -> Drop -> Smash -> Drive -> Drive -> Drop -> Smash -> Lift -> Clear -> Cross Drop -> Smash -> Drop -> Drop -> Smash -> Serve -> Lift -> Clear -> Drop -> Lift,0.5044,0.0,0.0113
6_1,1,train,52,Drive,Serve -> Lift -> Drop -> Drive -> Lift -> Drive -> Smash -> Drop -> Clear -> Smash -> Serve -> Clear -> Drop -> Lift -> Drop -> Drive -> Drop -> Lift -> Drop -> Drive -> Drive -> Lift -> Drop -> Drop -> Lift -> Drop -> Drop -> Lift -> Drive -> Drop -> Clear -> Drop -> Cross Drop -> Drop -> Smash -> Drive -> Drive -> Drop -> Smash -> Lift -> Clear -> Cross Drop -> Smash -> Drop -> Drop -> Smash -> Serve -> Lift -> Clear -> Drop -> Lift -> Drive,0.5044,0.0,0.0113
6_1,1,train,53,Lift,Serve -> Lift -> Drop -> Drive -> Lift -> Drive -> Smash -> Drop -> Clear -> Smash -> Serve -> Clear -> Drop -> Lift -> Drop -> Drive -> Drop -> Lift -> Drop -> Drive -> Drive -> Lift -> Drop -> Drop -> Lift -> Drop -> Drop -> Lift -> Drive -> Drop -> Clear -> Drop -> Cross Drop -> Drop -> Smash -> Drive -> Drive -> Drop -> Smash -> Lift -> Clear -> Cross Drop -> Smash -> Drop -> Drop -> Smash -> Serve -> Lift -> Clear -> Drop -> Lift -> Drive -> Lift,0.5044,0.0,0.0113
6_1,1,train,54,Cross Drop,Serve -> Lift -> Drop -> Drive -> Lift -> Drive -> Smash -> Drop -> Clear -> Smash -> Serve -> Clear -> Drop -> Lift -> Drop -> Drive -> Drop -> Lift -> Drop -> Drive -> Drive -> Lift -> Drop -> Drop -> Lift -> Drop -> Drop -> Lift -> Drive -> Drop -> Clear -> Drop -> Cross Drop -> Drop -> Smash -> Drive -> Drive -> Drop -> Smash -> Lift -> Clear -> Cross Drop -> Smash -> Drop -> Drop -> Smash -> Serve -> Lift -> Clear -> Drop -> Lift -> Drive -> Lift -> Cross Drop,0.5045,0.0001,0.0114
6_1,1,train,55,Drop,Serve -> Lift -> Drop -> Drive -> Lift -> Drive -> Smash -> Drop -> Clear -> Smash -> Serve -> Clear -> Drop -> Lift -> Drop -> Drive -> Drop -> Lift -> Drop -> Drive -> Drive -> Lift -> Drop -> Drop -> Lift -> Drop -> Drop -> Lift -> Drive -> Drop -> Clear -> Drop -> Cross Drop -> Drop -> Smash -> Drive -> Drive -> Drop -> Smash -> Lift -> Clear -> Cross Drop -> Smash -> Drop -> Drop -> Smash -> Serve -> Lift -> Clear -> Drop -> Lift -> Drive -> Lift -> Cross Drop -> Drop,0.5045,0.0,0.0114
6_1,1,train,56,Lift,Serve -> Lift -> Drop -> Drive -> Lift -> Drive -> Smash -> Drop -> Clear -> Smash -> Serve -> Clear -> Drop -> Lift -> Drop -> Drive -> Drop -> Lift -> Drop -> Drive -> Drive -> Lift -> Drop -> Drop -> Lift -> Drop -> Drop -> Lift -> Drive -> Drop -> Clear -> Drop -> Cross Drop -> Drop -> Smash -> Drive -> Drive -> Drop -> Smash -> Lift -> Clear -> Cross Drop -> Smash -> Drop -> Drop -> Smash -> Serve -> Lift -> Clear -> Drop -> Lift -> Drive -> Lift -> Cross Drop -> Drop -> Lift,0.5046,0.0,0.0115
6_1,1,train,57,Drop,Serve -> Lift -> Drop -> Drive -> Lift -> Drive -> Smash -> Drop -> Clear -> Smash -> Serve -> Clear -> Drop -> Lift -> Drop -> Drive -> Drop -> Lift -> Drop -> Drive -> Drive -> Lift -> Drop -> Drop -> Lift -> Drop -> Drop -> Lift -> Drive -> Drop -> Clear -> Drop -> Cross Drop -> Drop -> Smash -> Drive -> Drive -> Drop -> Smash -> Lift -> Clear -> Cross Drop -> Smash -> Drop -> Drop -> Smash -> Serve -> Lift -> Clear -> Drop -> Lift -> Drive -> Lift -> Cross Drop -> Drop -> Lift -> Drop,0.5046,0.0,0.0115
6_1,1,train,58,Lift,Serve -> Lift -> Drop -> Drive -> Lift -> Drive -> Smash -> Drop -> Clear -> Smash -> Serve -> Clear -> Drop -> Lift -> Drop -> Drive -> Drop -> Lift -> Drop -> Drive -> Drive -> Lift -> Drop -> Drop -> Lift -> Drop -> Drop -> Lift -> Drive -> Drop -> Clear -> Drop -> Cross Drop -> Drop -> Smash -> Drive -> Drive -> Drop -> Smash -> Lift -> Clear -> Cross Drop -> Smash -> Drop -> Drop -> Smash -> Serve -> Lift -> Clear -> Drop -> Lift -> Drive -> Lift -> Cross Drop -> Drop -> Lift -> Drop -> Lift,0.5046,0.0,0.0115
6_1,1,train,59,Clear,Serve -> Lift -> Drop -> Drive -> Lift -> Drive -> Smash -> Drop -> Clear -> Smash -> Serve -> Clear -> Drop -> Lift -> Drop -> Drive -> Drop -> Lift -> Drop -> Drive -> Drive -> Lift -> Drop -> Drop -> Lift -> Drop -> Drop -> Lift -> Drive -> Drop -> Clear -> Drop -> Cross Drop -> Drop -> Smash -> Drive -> Drive -> Drop -> Smash -> Lift -> Clear -> Cross Drop -> Smash -> Drop -> Drop -> Smash -> Serve -> Lift -> Clear -> Drop -> Lift -> Drive -> Lift -> Cross Drop -> Drop -> Lift -> Drop -> Lift -> Clear,0.5047,0.0001,0.0116
6_1,1,train,60,Drop,Serve -> Lift -> Drop -> Drive -> Lift -> Drive -> Smash -> Drop -> Clear -> Smash -> Serve -> Clear -> Drop -> Lift -> Drop -> Drive -> Drop -> Lift -> Drop -> Drive -> Drive -> Lift -> Drop -> Drop -> Lift -> Drop -> Drop -> Lift -> Drive -> Drop -> Clear -> Drop -> Cross Drop -> Drop -> Smash -> Drive -> Drive -> Drop -> Smash -> Lift -> Clear -> Cross Drop -> Smash -> Drop -> Drop -> Smash -> Serve -> Lift -> Clear -> Drop -> Lift -> Drive -> Lift -> Cross Drop -> Drop -> Lift -> Drop -> Lift -> Clear -> Drop,0.5047,0.0,0.0116
6_1,1,train,61,Fall,Serve -> Lift -> Drop -> Drive -> Lift -> Drive -> Smash -> Drop -> Clear -> Smash -> Serve -> Clear -> Drop -> Lift -> Drop -> Drive -> Drop -> Lift -> Drop -> Drive -> Drive -> Lift -> Drop -> Drop -> Lift -> Drop -> Drop -> Lift -> Drive -> Drop -> Clear -> Drop -> Cross Drop -> Drop -> Smash -> Drive -> Drive -> Drop -> Smash -> Lift -> Clear -> Cross Drop -> Smash -> Drop -> Drop -> Smash -> Serve -> Lift -> Clear -> Drop -> Lift -> Drive -> Lift -> Cross Drop -> Drop -> Lift -> Drop -> Lift -> Clear -> Drop -> Fall,0.5048,0.0001,0.0117
6_2,0,train,1,Serve,Serve,0.4931,0.0,0.0
6_2,0,train,2,Lift,Serve -> Lift,0.4941,0.001,0.001
6_2,0,train,3,Drop,Serve -> Lift -> Drop,0.4943,0.0002,0.0012
6_2,0,train,4,Lift,Serve -> Lift -> Drop -> Lift,0.4948,0.0005,0.0017
6_2,0,train,5,Drop,Serve -> Lift -> Drop -> Lift -> Drop,0.4953,0.0005,0.0022
6_2,0,train,6,Net,Serve -> Lift -> Drop -> Lift -> Drop -> Net,0.4959,0.0006,0.0028
6_3,1,train,1,Drop,Drop,0.4978,0.0,0.0
6_3,1,train,2,Smash,Drop -> Smash,0.4984,0.0006,0.0006
6_3,1,train,3,Lift,Drop -> Smash -> Lift,0.4984,-0.0,0.0005
6_3,1,train,4,Cross Drop,Drop -> Smash -> Lift -> Cross Drop,0.499,0.0007,0.0012
6_3,1,train,5,Smash,Drop -> Smash -> Lift -> Cross Drop -> Smash,0.4996,0.0005,0.0017
6_3,1,train,6,Lift,Drop -> Smash -> Lift -> Cross Drop -> Smash -> Lift,0.4998,0.0003,0.002
6_3,1,train,7,Drop,Drop -> Smash -> Lift -> Cross Drop -> Smash -> Lift -> Drop,0.4999,0.0001,0.0021
6_3,1,train,8,Drop,Drop -> Smash -> Lift -> Cross Drop -> Smash -> Lift -> Drop -> Drop,0.5001,0.0001,0.0022
6_3,1,train,9,Lift,Drop -> Smash -> Lift -> Cross Drop -> Smash -> Lift -> Drop -> Drop -> Lift,0.5003,0.0002,0.0024
6_3,1,train,10,Drop,Drop -> Smash -> Lift -> Cross Drop -> Smash -> Lift -> Drop -> Drop -> Lift -> Drop,0.5004,0.0002,0.0026
6_3,1,train,11,Serve,Drop -> Smash -> Lift -> Cross Drop -> Smash -> Lift -> Drop -> Drop -> Lift -> Drop -> Serve,0.5003,-0.0001,0.0025
6_3,1,train,12,Miss,Drop -> Smash -> Lift -> Cross Drop -> Smash -> Lift -> Drop -> Drop -> Lift -> Drop -> Serve -> Miss,0.5005,0.0001,0.0026
6_4,0,train,1,Drop,Drop,0.4978,0.0,0.0
6_4,0,train,2,Smash,Drop -> Smash,0.4984,0.0006,0.0006
6_4,0,train,3,Drop,Drop -> Smash -> Drop,0.4981,-0.0003,0.0003
6_4,0,train,4,Lift,Drop -> Smash -> Drop -> Lift,0.4982,0.0,0.0003
6_4,0,train,5,Drop,Drop -> Smash -> Drop -> Lift -> Drop,0.4983,0.0001,0.0004
6_4,0,train,6,Lift,Drop -> Smash -> Drop -> Lift -> Drop -> Lift,0.4985,0.0002,0.0007
6_4,0,train,7,Smash,Drop -> Smash -> Drop -> Lift -> Drop -> Lift -> Smash,0.499,0.0005,0.0012
6_4,0,train,8,Lift,Drop -> Smash -> Drop -> Lift -> Drop -> Lift -> Smash -> Lift,0.4994,0.0004,0.0016
6_4,0,train,9,Drop,Drop -> Smash -> Drop -> Lift -> Drop -> Lift -> Smash -> Lift -> Drop,0.4997,0.0003,0.0019
6_4,0,train,10,Drop,Drop -> Smash -> Drop -> Lift -> Drop -> Lift -> Smash -> Lift -> Drop -> Drop,0.5,0.0003,0.0022
6_4,0,train,11,Smash,Drop -> Smash -> Drop -> Lift -> Drop -> Lift -> Smash -> Lift -> Drop -> Drop -> Smash,0.5005,0.0004,0.0026
6_4,0,train,12,Drop,Drop -> Smash -> Drop -> Lift -> Drop -> Lift -> Smash -> Lift -> Drop -> Drop -> Smash -> Drop,0.5008,0.0003,0.003
6_4,0,train,13,Clear,Drop -> Smash -> Drop -> Lift -> Drop -> Lift -> Smash -> Lift -> Drop -> Drop -> Smash -> Drop -> Clear,0.5013,0.0005,0.0035
6_4,0,train,14,Drop,Drop -> Smash -> Drop -> Lift -> Drop -> Lift -> Smash -> Lift -> Drop -> Drop -> Smash -> Drop -> Clear -> Drop,0.5017,0.0004,0.0039
6_4,0,train,15,Smash,Drop -> Smash -> Drop -> Lift -> Drop -> Lift -> Smash -> Lift -> Drop -> Drop -> Smash -> Drop -> Clear -> Drop -> Smash,0.5021,0.0004,0.0043
6_4,0,train,16,Drop,Drop -> Smash -> Drop -> Lift -> Drop -> Lift -> Smash -> Lift -> Drop -> Drop -> Smash -> Drop -> Clear -> Drop -> Smash -> Drop,0.5024,0.0003,0.0045
6_4,0,train,17,Smash,Drop -> Smash -> Drop -> Lift -> Drop -> Lift -> Smash -> Lift -> Drop -> Drop -> Smash -> Drop -> Clear -> Drop -> Smash -> Drop -> Smash,0.5027,0.0003,0.0049
6_4,0,train,18,Drop,Drop -> Smash -> Drop -> Lift -> Drop -> Lift -> Smash -> Lift -> Drop -> Drop -> Smash -> Drop -> Clear -> Drop -> Smash -> Drop -> Smash -> Drop,0.5029,0.0002,0.0051
6_4,0,train,19,Smash,Drop -> Smash -> Drop -> Lift -> Drop -> Lift -> Smash -> Lift -> Drop -> Drop -> Smash -> Drop -> Clear -> Drop -> Smash -> Drop -> Smash -> Drop -> Smash,0.5032,0.0003,0.0053
6_4,0,train,20,Drop,Drop -> Smash -> Drop -> Lift -> Drop -> Lift -> Smash -> Lift -> Drop -> Drop -> Smash -> Drop -> Clear -> Drop -> Smash -> Drop -> Smash -> Drop -> Smash -> Drop,0.5034,0.0002,0.0055
6_4,0,train,21,Clear,Drop -> Smash -> Drop -> Lift -> Drop -> Lift -> Smash -> Lift -> Drop -> Drop -> Smash -> Drop -> Clear -> Drop -> Smash -> Drop -> Smash -> Drop -> Smash -> Drop -> Clear,0.5037,0.0003,0.0058
6_4,0,train,22,Drop,Drop -> Smash -> Drop -> Lift -> Drop -> Lift -> Smash -> Lift -> Drop -> Drop -> Smash -> Drop -> Clear -> Drop -> Smash -> Drop -> Smash -> Drop -> Smash -> Drop -> Clear -> Drop,0.5039,0.0002,0.006
6_4,0,train,23,Lift,Drop -> Smash -> Drop -> Lift -> Drop -> Lift -> Smash -> Lift -> Drop -> Drop -> Smash -> Drop -> Clear -> Drop -> Smash -> Drop -> Smash -> Drop -> Smash -> Drop -> Clear -> Drop -> Lift,0.504,0.0002,0.0062
6_4,0,train,24,Drop,Drop -> Smash -> Drop -> Lift -> Drop -> Lift -> Smash -> Lift -> Drop -> Drop -> Smash -> Drop -> Clear -> Drop -> Smash -> Drop -> Smash -> Drop -> Smash -> Drop -> Clear -> Drop -> Lift -> Drop,0.5041,0.0001,0.0063
6_4,0,train,25,Lift,Drop -> Smash -> Drop -> Lift -> Drop -> Lift -> Smash -> Lift -> Drop -> Drop -> Smash -> Drop -> Clear -> Drop -> Smash -> Drop -> Smash -> Drop -> Smash -> Drop -> Clear -> Drop -> Lift -> Drop -> Lift,0.5042,0.0001,0.0064
6_4,0,train,26,Cross Drop,Drop -> Smash -> Drop -> Lift -> Drop -> Lift -> Smash -> Lift -> Drop -> Drop -> Smash -> Drop -> Clear -> Drop -> Smash -> Drop -> Smash -> Drop -> Smash -> Drop -> Clear -> Drop -> Lift -> Drop -> Lift -> Cross Drop,0.5044,0.0002,0.0066
6_4,0,train,27,Lift,Drop -> Smash -> Drop -> Lift -> Drop -> Lift -> Smash -> Lift -> Drop -> Drop -> Smash -> Drop -> Clear -> Drop -> Smash -> Drop -> Smash -> Drop -> Smash -> Drop -> Clear -> Drop -> Lift -> Drop -> Lift -> Cross Drop -> Lift,0.5046,0.0001,0.0067
6_4,0,train,28,Drop,Drop -> Smash -> Drop -> Lift -> Drop -> Lift -> Smash -> Lift -> Drop -> Drop -> Smash -> Drop -> Clear -> Drop -> Smash -> Drop -> Smash -> Drop -> Smash -> Drop -> Clear -> Drop -> Lift -> Drop -> Lift -> Cross Drop -> Lift -> Drop,0.5046,0.0001,0.0068
6_4,0,train,29,Smash,Drop -> Smash -> Drop -> Lift -> Drop -> Lift -> Smash -> Lift -> Drop -> Drop -> Smash -> Drop -> Clear -> Drop -> Smash -> Drop -> Smash -> Drop -> Smash -> Drop -> Clear -> Drop -> Lift -> Drop -> Lift -> Cross Drop -> Lift -> Drop -> Smash,0.5048,0.0001,0.0069
6_4,0,train,30,Lift,Drop -> Smash -> Drop -> Lift -> Drop -> Lift -> Smash -> Lift -> Drop -> Drop -> Smash -> Drop -> Clear -> Drop -> Smash -> Drop -> Smash -> Drop -> Smash -> Drop -> Clear -> Drop -> Lift -> Drop -> Lift -> Cross Drop -> Lift -> Drop -> Smash -> Lift,0.5048,0.0001,0.007
6_4,0,train,31,Drop,Drop -> Smash -> Drop -> Lift -> Drop -> Lift -> Smash -> Lift -> Drop -> Drop -> Smash -> Drop -> Clear -> Drop -> Smash -> Drop -> Smash -> Drop -> Smash -> Drop -> Clear -> Drop -> Lift -> Drop -> Lift -> Cross Drop -> Lift -> Drop -> Smash -> Lift -> Drop,0.5049,0.0001,0.0071
6_4,0,train,32,Smash,Drop -> Smash -> Drop -> Lift -> Drop -> Lift -> Smash -> Lift -> Drop -> Drop -> Smash -> Drop -> Clear -> Drop -> Smash -> Drop -> Smash -> Drop -> Smash -> Drop -> Clear -> Drop -> Lift -> Drop -> Lift -> Cross Drop -> Lift -> Drop -> Smash -> Lift -> Drop -> Smash,0.505,0.0001,0.0071
6_4,0,train,33,Drop,Drop -> Smash -> Drop -> Lift -> Drop -> Lift -> Smash -> Lift -> Drop -> Drop -> Smash -> Drop -> Clear -> Drop -> Smash -> Drop -> Smash -> Drop -> Smash -> Drop -> Clear -> Drop -> Lift -> Drop -> Lift -> Cross Drop -> Lift -> Drop -> Smash -> Lift -> Drop -> Smash -> Drop,0.505,0.0001,0.0072
6_4,0,train,34,Lift,Drop -> Smash -> Drop -> Lift -> Drop -> Lift -> Smash -> Lift -> Drop -> Drop -> Smash -> Drop -> Clear -> Drop -> Smash -> Drop -> Smash -> Drop -> Smash -> Drop -> Clear -> Drop -> Lift -> Drop -> Lift -> Cross Drop -> Lift -> Drop -> Smash -> Lift -> Drop -> Smash -> Drop -> Lift,0.5051,0.0,0.0073
6_4,0,train,35,Drop,Drop -> Smash -> Drop -> Lift -> Drop -> Lift -> Smash -> Lift -> Drop -> Drop -> Smash -> Drop -> Clear -> Drop -> Smash -> Drop -> Smash -> Drop -> Smash -> Drop -> Clear -> Drop -> Lift -> Drop -> Lift -> Cross Drop -> Lift -> Drop -> Smash -> Lift -> Drop -> Smash -> Drop -> Lift -> Drop,0.5051,0.0,0.0073
6_4,0,train,36,Clear,Drop -> Smash -> Drop -> Lift -> Drop -> Lift -> Smash -> Lift -> Drop -> Drop -> Smash -> Drop -> Clear -> Drop -> Smash -> Drop -> Smash -> Drop -> Smash -> Drop -> Clear -> Drop -> Lift -> Drop -> Lift -> Cross Drop -> Lift -> Drop -> Smash -> Lift -> Drop -> Smash -> Drop -> Lift -> Drop -> Clear,0.5052,0.0001,0.0074
6_4,0,train,37,Drop,Drop -> Smash -> Drop -> Lift -> Drop -> Lift -> Smash -> Lift -> Drop -> Drop -> Smash -> Drop -> Clear -> Drop -> Smash -> Drop -> Smash -> Drop -> Smash -> Drop -> Clear -> Drop -> Lift -> Drop -> Lift -> Cross Drop -> Lift -> Drop -> Smash -> Lift -> Drop -> Smash -> Drop -> Lift -> Drop -> Clear -> Drop,0.5053,0.0001,0.0074
6_4,0,train,38,Smash,Drop -> Smash -> Drop -> Lift -> Drop -> Lift -> Smash -> Lift -> Drop -> Drop -> Smash -> Drop -> Clear -> Drop -> Smash -> Drop -> Smash -> Drop -> Smash -> Drop -> Clear -> Drop -> Lift -> Drop -> Lift -> Cross Drop -> Lift -> Drop -> Smash -> Lift -> Drop -> Smash -> Drop -> Lift -> Drop -> Clear -> Drop -> Smash,0.5054,0.0001,0.0075
6_4,0,train,39,Drop,Drop -> Smash -> Drop -> Lift -> Drop -> Lift -> Smash -> Lift -> Drop -> Drop -> Smash -> Drop -> Clear -> Drop -> Smash -> Drop -> Smash -> Drop -> Smash -> Drop -> Clear -> Drop -> Lift -> Drop -> Lift -> Cross Drop -> Lift -> Drop -> Smash -> Lift -> Drop -> Smash -> Drop -> Lift -> Drop -> Clear -> Drop -> Smash -> Drop,0.5054,0.0001,0.0076
6_4,0,train,40,Drop,Drop -> Smash -> Drop -> Lift -> Drop -> Lift -> Smash -> Lift -> Drop -> Drop -> Smash -> Drop -> Clear -> Drop -> Smash -> Drop -> Smash -> Drop -> Smash -> Drop -> Clear -> Drop -> Lift -> Drop -> Lift -> Cross Drop -> Lift -> Drop -> Smash -> Lift -> Drop -> Smash -> Drop -> Lift -> Drop -> Clear -> Drop -> Smash -> Drop -> Drop,0.5055,0.0,0.0076
6_4,0,train,41,Drop,Drop -> Smash -> Drop -> Lift -> Drop -> Lift -> Smash -> Lift -> Drop -> Drop -> Smash -> Drop -> Clear -> Drop -> Smash -> Drop -> Smash -> Drop -> Smash -> Drop -> Clear -> Drop -> Lift -> Drop -> Lift -> Cross Drop -> Lift -> Drop -> Smash -> Lift -> Drop -> Smash -> Drop -> Lift -> Drop -> Clear -> Drop -> Smash -> Drop -> Drop -> Drop,0.5055,0.0,0.0077
6_4,0,train,42,Lift,Drop -> Smash -> Drop -> Lift -> Drop -> Lift -> Smash -> Lift -> Drop -> Drop -> Smash -> Drop -> Clear -> Drop -> Smash -> Drop -> Smash -> Drop -> Smash -> Drop -> Clear -> Drop -> Lift -> Drop -> Lift -> Cross Drop -> Lift -> Drop -> Smash -> Lift -> Drop -> Smash -> Drop -> Lift -> Drop -> Clear -> Drop -> Smash -> Drop -> Drop -> Drop -> Lift,0.5055,0.0,0.0077
6_4,0,train,43,Cross Drop,Drop -> Smash -> Drop -> Lift -> Drop -> Lift -> Smash -> Lift -> Drop -> Drop -> Smash -> Drop -> Clear -> Drop -> Smash -> Drop -> Smash -> Drop -> Smash -> Drop -> Clear -> Drop -> Lift -> Drop -> Lift -> Cross Drop -> Lift -> Drop -> Smash -> Lift -> Drop -> Smash -> Drop -> Lift -> Drop -> Clear -> Drop -> Smash -> Drop -> Drop -> Drop -> Lift -> Cross Drop,0.5056,0.0001,0.0078
6_4,0,train,44,Lift,Drop -> Smash -> Drop -> Lift -> Drop -> Lift -> Smash -> Lift -> Drop -> Drop -> Smash -> Drop -> Clear -> Drop -> Smash -> Drop -> Smash -> Drop -> Smash -> Drop -> Clear -> Drop -> Lift -> Drop -> Lift -> Cross Drop -> Lift -> Drop -> Smash -> Lift -> Drop -> Smash -> Drop -> Lift -> Drop -> Clear -> Drop -> Smash -> Drop -> Drop -> Drop -> Lift -> Cross Drop -> Lift,0.5057,0.0001,0.0078
6_4,0,train,45,Smash,Drop -> Smash -> Drop -> Lift -> Drop -> Lift -> Smash -> Lift -> Drop -> Drop -> Smash -> Drop -> Clear -> Drop -> Smash -> Drop -> Smash -> Drop -> Smash -> Drop -> Clear -> Drop -> Lift -> Drop -> Lift -> Cross Drop -> Lift -> Drop -> Smash -> Lift -> Drop -> Smash -> Drop -> Lift -> Drop -> Clear -> Drop -> Smash -> Drop -> Drop -> Drop -> Lift -> Cross Drop -> Lift -> Smash,0.5057,0.0001,0.0079
6_4,0,train,46,Smash,Drop -> Smash -> Drop -> Lift -> Drop -> Lift -> Smash -> Lift -> Drop -> Drop -> Smash -> Drop -> Clear -> Drop -> Smash -> Drop -> Smash -> Drop -> Smash -> Drop -> Clear -> Drop -> Lift -> Drop -> Lift -> Cross Drop -> Lift -> Drop -> Smash -> Lift -> Drop -> Smash -> Drop -> Lift -> Drop -> Clear -> Drop -> Smash -> Drop -> Drop -> Drop -> Lift -> Cross Drop -> Lift -> Smash -> Smash,0.5058,0.0001,0.008
6_4,0,train,47,Drive,Drop -> Smash -> Drop -> Lift -> Drop -> Lift -> Smash -> Lift -> Drop -> Drop -> Smash -> Drop -> Clear -> Drop -> Smash -> Drop -> Smash -> Drop -> Smash -> Drop -> Clear -> Drop -> Lift -> Drop -> Lift -> Cross Drop -> Lift -> Drop -> Smash -> Lift -> Drop -> Smash -> Drop -> Lift -> Drop -> Clear -> Drop -> Smash -> Drop -> Drop -> Drop -> Lift -> Cross Drop -> Lift -> Smash -> Smash -> Drive,0.5058,0.0,0.008
6_4,0,train,48,Drop,Drop -> Smash -> Drop -> Lift -> Drop -> Lift -> Smash -> Lift -> Drop -> Drop -> Smash -> Drop -> Clear -> Drop -> Smash -> Drop -> Smash -> Drop -> Smash -> Drop -> Clear -> Drop -> Lift -> Drop -> Lift -> Cross Drop -> Lift -> Drop -> Smash -> Lift -> Drop -> Smash -> Drop -> Lift -> Drop -> Clear -> Drop -> Smash -> Drop -> Drop -> Drop -> Lift -> Cross Drop -> Lift -> Smash -> Smash -> Drive -> Drop,0.5059,0.0,0.008
6_4,0,train,49,Lift,Drop -> Smash -> Drop -> Lift -> Drop -> Lift -> Smash -> Lift -> Drop -> Drop -> Smash -> Drop -> Clear -> Drop -> Smash -> Drop -> Smash -> Drop -> Smash -> Drop -> Clear -> Drop -> Lift -> Drop -> Lift -> Cross Drop -> Lift -> Drop -> Smash -> Lift -> Drop -> Smash -> Drop -> Lift -> Drop -> Clear -> Drop -> Smash -> Drop -> Drop -> Drop -> Lift -> Cross Drop -> Lift -> Smash -> Smash -> Drive -> Drop -> Lift,0.5059,0.0,0.008
6_4,0,train,50,Drop,Drop -> Smash -> Drop -> Lift -> Drop -> Lift -> Smash -> Lift -> Drop -> Drop -> Smash -> Drop -> Clear -> Drop -> Smash -> Drop -> Smash -> Drop -> Smash -> Drop -> Clear -> Drop -> Lift -> Drop -> Lift -> Cross Drop -> Lift -> Drop -> Smash -> Lift -> Drop -> Smash -> Drop -> Lift -> Drop -> Clear -> Drop -> Smash -> Drop -> Drop -> Drop -> Lift -> Cross Drop -> Lift -> Smash -> Smash -> Drive -> Drop -> Lift -> Drop,0.5059,0.0,0.008
6_4,0,train,51,Smash,Drop -> Smash -> Drop -> Lift -> Drop -> Lift -> Smash -> Lift -> Drop -> Drop -> Smash -> Drop -> Clear -> Drop -> Smash -> Drop -> Smash -> Drop -> Smash -> Drop -> Clear -> Drop -> Lift -> Drop -> Lift -> Cross Drop -> Lift -> Drop -> Smash -> Lift -> Drop -> Smash -> Drop -> Lift -> Drop -> Clear -> Drop -> Smash -> Drop -> Drop -> Drop -> Lift -> Cross Drop -> Lift -> Smash -> Smash -> Drive -> Drop -> Lift -> Drop -> Smash,0.5059,0.0,0.008
6_4,0,train,52,Cross Drop,Drop -> Smash -> Drop -> Lift -> Drop -> Lift -> Smash -> Lift -> Drop -> Drop -> Smash -> Drop -> Clear -> Drop -> Smash -> Drop -> Smash -> Drop -> Smash -> Drop -> Clear -> Drop -> Lift -> Drop -> Lift -> Cross Drop -> Lift -> Drop -> Smash -> Lift -> Drop -> Smash -> Drop -> Lift -> Drop -> Clear -> Drop -> Smash -> Drop -> Drop -> Drop -> Lift -> Cross Drop -> Lift -> Smash -> Smash -> Drive -> Drop -> Lift -> Drop -> Smash -> Cross Drop,0.5059,0.0001,0.0081
6_4,0,train,53,Smash,Drop -> Smash -> Drop -> Lift -> Drop -> Lift -> Smash -> Lift -> Drop -> Drop -> Smash -> Drop -> Clear -> Drop -> Smash -> Drop -> Smash -> Drop -> Smash -> Drop -> Clear -> Drop -> Lift -> Drop -> Lift -> Cross Drop -> Lift -> Drop -> Smash -> Lift -> Drop -> Smash -> Drop -> Lift -> Drop -> Clear -> Drop -> Smash -> Drop -> Drop -> Drop -> Lift -> Cross Drop -> Lift -> Smash -> Smash -> Drive -> Drop -> Lift -> Drop -> Smash -> Cross Drop -> Smash,0.506,0.0001,0.0081
6_4,0,train,54,Cross Drop,Drop -> Smash -> Drop -> Lift -> Drop -> Lift -> Smash -> Lift -> Drop -> Drop -> Smash -> Drop -> Clear -> Drop -> Smash -> Drop -> Smash -> Drop -> Smash -> Drop -> Clear -> Drop -> Lift -> Drop -> Lift -> Cross Drop -> Lift -> Drop -> Smash -> Lift -> Drop -> Smash -> Drop -> Lift -> Drop -> Clear -> Drop -> Smash -> Drop -> Drop -> Drop -> Lift -> Cross Drop -> Lift -> Smash -> Smash -> Drive -> Drop -> Lift -> Drop -> Smash -> Cross Drop -> Smash -> Cross Drop,0.5061,0.0001,0.0082
6_4,0,train,55,Smash,Drop -> Smash -> Drop -> Lift -> Drop -> Lift -> Smash -> Lift -> Drop -> Drop -> Smash -> Drop -> Clear -> Drop -> Smash -> Drop -> Smash -> Drop -> Smash -> Drop -> Clear -> Drop -> Lift -> Drop -> Lift -> Cross Drop -> Lift -> Drop -> Smash -> Lift -> Drop -> Smash -> Drop -> Lift -> Drop -> Clear -> Drop -> Smash -> Drop -> Drop -> Drop -> Lift -> Cross Drop -> Lift -> Smash -> Smash -> Drive -> Drop -> Lift -> Drop -> Smash -> Cross Drop -> Smash -> Cross Drop -> Smash,0.5061,0.0001,0.0083
6_4,0,train,56,Fall,Drop -> Smash -> Drop -> Lift -> Drop -> Lift -> Smash -> Lift -> Drop -> Drop -> Smash -> Drop -> Clear -> Drop -> Smash -> Drop -> Smash -> Drop -> Smash -> Drop -> Clear -> Drop -> Lift -> Drop -> Lift -> Cross Drop -> Lift -> Drop -> Smash -> Lift -> Drop -> Smash -> Drop -> Lift -> Drop -> Clear -> Drop -> Smash -> Drop -> Drop -> Drop -> Lift -> Cross Drop -> Lift -> Smash -> Smash -> Drive -> Drop -> Lift -> Drop -> Smash -> Cross Drop -> Smash -> Cross Drop -> Smash -> Fall,0.5063,0.0001,0.0084
6_5,1,validation,1,Smash,Smash,0.5043,0.0,0.0
6_5,1,validation,2,Drop,Smash -> Drop,0.4997,-0.0045,-0.0045
6_5,1,validation,3,Lift,Smash -> Drop -> Lift,0.4988,-0.001,-0.0055
6_5,1,validation,4,Lift,Smash -> Drop -> Lift -> Lift,0.4985,-0.0002,-0.0057
6_5,1,validation,5,Drop,Smash -> Drop -> Lift -> Lift -> Drop,0.4984,-0.0001,-0.0059
6_5,1,validation,6,Lift,Smash -> Drop -> Lift -> Lift -> Drop -> Lift,0.4985,0.0001,-0.0057
6_5,1,validation,7,Drop,Smash -> Drop -> Lift -> Lift -> Drop -> Lift -> Drop,0.4987,0.0002,-0.0056
6_5,1,validation,8,Lift,Smash -> Drop -> Lift -> Lift -> Drop -> Lift -> Drop -> Lift,0.499,0.0003,-0.0053
6_5,1,validation,9,Drop,Smash -> Drop -> Lift -> Lift -> Drop -> Lift -> Drop -> Lift -> Drop,0.4993,0.0003,-0.005
6_5,1,validation,10,Smash,Smash -> Drop -> Lift -> Lift -> Drop -> Lift -> Drop -> Lift -> Drop -> Smash,0.4997,0.0004,-0.0046
6_5,1,validation,11,Drop,Smash -> Drop -> Lift -> Lift -> Drop -> Lift -> Drop -> Lift -> Drop -> Smash -> Drop,0.5001,0.0004,-0.0042
6_5,1,validation,12,Clear,Smash -> Drop -> Lift -> Lift -> Drop -> Lift -> Drop -> Lift -> Drop -> Smash -> Drop -> Clear,0.5006,0.0006,-0.0036
6_5,1,validation,13,Fall,Smash -> Drop -> Lift -> Lift -> Drop -> Lift -> Drop -> Lift -> Drop -> Smash -> Drop -> Clear -> Fall,0.5015,0.0008,-0.0028
8_5,1,train,1,Drop,Drop,0.4978,0.0,0.0
8_5,1,train,2,Drop,Drop -> Drop,0.4973,-0.0006,-0.0006
8_5,1,train,3,Drive,Drop -> Drop -> Drive,0.4973,0.0,-0.0006
8_5,1,train,4,Drop,Drop -> Drop -> Drive -> Drop,0.4973,0.0,-0.0006
8_5,1,train,5,Lift,Drop -> Drop -> Drive -> Drop -> Lift,0.4975,0.0003,-0.0003
8_5,1,train,6,Drop,Drop -> Drop -> Drive -> Drop -> Lift -> Drop,0.4978,0.0003,-0.0
8_5,1,train,7,Drive,Drop -> Drop -> Drive -> Drop -> Lift -> Drop -> Drive,0.4981,0.0003,0.0003
8_5,1,train,8,Drop,Drop -> Drop -> Drive -> Drop -> Lift -> Drop -> Drive -> Drop,0.4985,0.0003,0.0006
8_5,1,train,9,Clear,Drop -> Drop -> Drive -> Drop -> Lift -> Drop -> Drive -> Drop -> Clear,0.4992,0.0007,0.0013
8_5,1,train,10,Lift,Drop -> Drop -> Drive -> Drop -> Lift -> Drop -> Drive -> Drop -> Clear -> Lift,0.4997,0.0005,0.0019
8_5,1,train,11,Smash,Drop -> Drop -> Drive -> Drop -> Lift -> Drop -> Drive -> Drop -> Clear -> Lift -> Smash,0.5002,0.0006,0.0024
8_5,1,train,12,Lift,Drop -> Drop -> Drive -> Drop -> Lift -> Drop -> Drive -> Drop -> Clear -> Lift -> Smash -> Lift,0.5007,0.0004,0.0028
8_5,1,train,13,Fall,Drop -> Drop -> Drive -> Drop -> Lift -> Drop -> Drive -> Drop -> Clear -> Lift -> Smash -> Lift -> Fall,0.5014,0.0007,0.0036
8_10,0,test,1,Drop,Drop,0.4978,0.0,0.0
8_10,0,test,2,Drive,Drop -> Drive,0.4977,-0.0002,-0.0002
8_10,0,test,3,Lift,Drop -> Drive -> Lift,0.4975,-0.0001,-0.0003
8_10,0,test,4,Clear,Drop -> Drive -> Lift -> Clear,0.4984,0.0008,0.0005
8_10,0,test,5,Lift,Drop -> Drive -> Lift -> Clear -> Lift,0.4987,0.0003,0.0009
8_10,0,test,6,Smash,Drop -> Drive -> Lift -> Clear -> Lift -> Smash,0.4991,0.0004,0.0013
8_10,0,test,7,Smash,Drop -> Drive -> Lift -> Clear -> Lift -> Smash -> Smash,0.4996,0.0005,0.0018
8_10,0,test,8,Drop,Drop -> Drive -> Lift -> Clear -> Lift -> Smash -> Smash -> Drop,0.4998,0.0002,0.002
8_10,0,test,9,Net,Drop -> Drive -> Lift -> Clear -> Lift -> Smash -> Smash -> Drop -> Net,0.5001,0.0003,0.0022
8_12,1,train,1,Drop,Drop,0.4978,0.0,0.0
8_12,1,train,2,Drop,Drop -> Drop,0.4973,-0.0006,-0.0006
8_12,1,train,3,Drop,Drop -> Drop -> Drop,0.4971,-0.0001,-0.0007
8_12,1,train,4,Lift,Drop -> Drop -> Drop -> Lift,0.4974,0.0003,-0.0004
8_12,1,train,5,Lift,Drop -> Drop -> Drop -> Lift -> Lift,0.4977,0.0004,-0.0001
8_12,1,train,6,Drop,Drop -> Drop -> Drop -> Lift -> Lift -> Drop,0.4981,0.0004,0.0003
8_12,1,train,7,Smash,Drop -> Drop -> Drop -> Lift -> Lift -> Drop -> Smash,0.4987,0.0006,0.0009
8_12,1,train,8,Drop,Drop -> Drop -> Drop -> Lift -> Lift -> Drop -> Smash -> Drop,0.4992,0.0005,0.0013
8_12,1,train,9,Drop,Drop -> Drop -> Drop -> Lift -> Lift -> Drop -> Smash -> Drop -> Drop,0.4996,0.0004,0.0018
8_12,1,train,10,Drop,Drop -> Drop -> Drop -> Lift -> Lift -> Drop -> Smash -> Drop -> Drop -> Drop,0.5,0.0004,0.0022
8_12,1,train,11,Clear,Drop -> Drop -> Drop -> Lift -> Lift -> Drop -> Smash -> Drop -> Drop -> Drop -> Clear,0.5006,0.0006,0.0028
8_12,1,train,12,Drop,Drop -> Drop -> Drop -> Lift -> Lift -> Drop -> Smash -> Drop -> Drop -> Drop -> Clear -> Drop,0.5011,0.0005,0.0032
8_12,1,train,13,Lift,Drop -> Drop -> Drop -> Lift -> Lift -> Drop -> Smash -> Drop -> Drop -> Drop -> Clear -> Drop -> Lift,0.5015,0.0004,0.0037
8_12,1,train,14,Lift,Drop -> Drop -> Drop -> Lift -> Lift -> Drop -> Smash -> Drop -> Drop -> Drop -> Clear -> Drop -> Lift -> Lift,0.5018,0.0003,0.004
8_12,1,train,15,Drop,Drop -> Drop -> Drop -> Lift -> Lift -> Drop -> Smash -> Drop -> Drop -> Drop -> Clear -> Drop -> Lift -> Lift -> Drop,0.5021,0.0003,0.0043
8_12,1,train,16,Drop,Drop -> Drop -> Drop -> Lift -> Lift -> Drop -> Smash -> Drop -> Drop -> Drop -> Clear -> Drop -> Lift -> Lift -> Drop -> Drop,0.5024,0.0002,0.0045
8_12,1,train,17,Drop,Drop -> Drop -> Drop -> Lift -> Lift -> Drop -> Smash -> Drop -> Drop -> Drop -> Clear -> Drop -> Lift -> Lift -> Drop -> Drop -> Drop,0.5026,0.0002,0.0048
8_12,1,train,18,Drop,Drop -> Drop -> Drop -> Lift -> Lift -> Drop -> Smash -> Drop -> Drop -> Drop -> Clear -> Drop -> Lift -> Lift -> Drop -> Drop -> Drop -> Drop,0.5028,0.0002,0.005
8_12,1,train,19,Drop,Drop -> Drop -> Drop -> Lift -> Lift -> Drop -> Smash -> Drop -> Drop -> Drop -> Clear -> Drop -> Lift -> Lift -> Drop -> Drop -> Drop -> Drop -> Drop,0.503,0.0002,0.0052
8_12,1,train,20,Lift,Drop -> Drop -> Drop -> Lift -> Lift -> Drop -> Smash -> Drop -> Drop -> Drop -> Clear -> Drop -> Lift -> Lift -> Drop -> Drop -> Drop -> Drop -> Drop -> Lift,0.5032,0.0002,0.0053
8_12,1,train,21,Clear,Drop -> Drop -> Drop -> Lift -> Lift -> Drop -> Smash -> Drop -> Drop -> Drop -> Clear -> Drop -> Lift -> Lift -> Drop -> Drop -> Drop -> Drop -> Drop -> Lift -> Clear,0.5035,0.0003,0.0056
8_12,1,train,22,Drop,Drop -> Drop -> Drop -> Lift -> Lift -> Drop -> Smash -> Drop -> Drop -> Drop -> Clear -> Drop -> Lift -> Lift -> Drop -> Drop -> Drop -> Drop -> Drop -> Lift -> Clear -> Drop,0.5037,0.0002,0.0058
8_12,1,train,23,Lift,Drop -> Drop -> Drop -> Lift -> Lift -> Drop -> Smash -> Drop -> Drop -> Drop -> Clear -> Drop -> Lift -> Lift -> Drop -> Drop -> Drop -> Drop -> Drop -> Lift -> Clear -> Drop -> Lift,0.5039,0.0002,0.006
8_12,1,train,24,Drop,Drop -> Drop -> Drop -> Lift -> Lift -> Drop -> Smash -> Drop -> Drop -> Drop -> Clear -> Drop -> Lift -> Lift -> Drop -> Drop -> Drop -> Drop -> Drop -> Lift -> Clear -> Drop -> Lift -> Drop,0.504,0.0001,0.0062
8_12,1,train,25,Drop,Drop -> Drop -> Drop -> Lift -> Lift -> Drop -> Smash -> Drop -> Drop -> Drop -> Clear -> Drop -> Lift -> Lift -> Drop -> Drop -> Drop -> Drop -> Drop -> Lift -> Clear -> Drop -> Lift -> Drop -> Drop,0.5041,0.0001,0.0063
8_12,1,train,26,Drop,Drop -> Drop -> Drop -> Lift -> Lift -> Drop -> Smash -> Drop -> Drop -> Drop -> Clear -> Drop -> Lift -> Lift -> Drop -> Drop -> Drop -> Drop -> Drop -> Lift -> Clear -> Drop -> Lift -> Drop -> Drop -> Drop,0.5042,0.0001,0.0064
8_12,1,train,27,Lift,Drop -> Drop -> Drop -> Lift -> Lift -> Drop -> Smash -> Drop -> Drop -> Drop -> Clear -> Drop -> Lift -> Lift -> Drop -> Drop -> Drop -> Drop -> Drop -> Lift -> Clear -> Drop -> Lift -> Drop -> Drop -> Drop -> Lift,0.5043,0.0001,0.0065
8_12,1,train,28,Drop,Drop -> Drop -> Drop -> Lift -> Lift -> Drop -> Smash -> Drop -> Drop -> Drop -> Clear -> Drop -> Lift -> Lift -> Drop -> Drop -> Drop -> Drop -> Drop -> Lift -> Clear -> Drop -> Lift -> Drop -> Drop -> Drop -> Lift -> Drop,0.5044,0.0001,0.0066
8_12,1,train,29,Lift,Drop -> Drop -> Drop -> Lift -> Lift -> Drop -> Smash -> Drop -> Drop -> Drop -> Clear -> Drop -> Lift -> Lift -> Drop -> Drop -> Drop -> Drop -> Drop -> Lift -> Clear -> Drop -> Lift -> Drop -> Drop -> Drop -> Lift -> Drop -> Lift,0.5045,0.0001,0.0067
8_12,1,train,30,Smash,Drop -> Drop -> Drop -> Lift -> Lift -> Drop -> Smash -> Drop -> Drop -> Drop -> Clear -> Drop -> Lift -> Lift -> Drop -> Drop -> Drop -> Drop -> Drop -> Lift -> Clear -> Drop -> Lift -> Drop -> Drop -> Drop -> Lift -> Drop -> Lift -> Smash,0.5046,0.0001,0.0068
8_12,1,train,31,Lift,Drop -> Drop -> Drop -> Lift -> Lift -> Drop -> Smash -> Drop -> Drop -> Drop -> Clear -> Drop -> Lift -> Lift -> Drop -> Drop -> Drop -> Drop -> Drop -> Lift -> Clear -> Drop -> Lift -> Drop -> Drop -> Drop -> Lift -> Drop -> Lift -> Smash -> Lift,0.5047,0.0001,0.0069
8_12,1,train,32,Drop,Drop -> Drop -> Drop -> Lift -> Lift -> Drop -> Smash -> Drop -> Drop -> Drop -> Clear -> Drop -> Lift -> Lift -> Drop -> Drop -> Drop -> Drop -> Drop -> Lift -> Clear -> Drop -> Lift -> Drop -> Drop -> Drop -> Lift -> Drop -> Lift -> Smash -> Lift -> Drop,0.5048,0.0001,0.007
8_12,1,train,33,Lift,Drop -> Drop -> Drop -> Lift -> Lift -> Drop -> Smash -> Drop -> Drop -> Drop -> Clear -> Drop -> Lift -> Lift -> Drop -> Drop -> Drop -> Drop -> Drop -> Lift -> Clear -> Drop -> Lift -> Drop -> Drop -> Drop -> Lift -> Drop -> Lift -> Smash -> Lift -> Drop -> Lift,0.5049,0.0001,0.007
8_12,1,train,34,Drop,Drop -> Drop -> Drop -> Lift -> Lift -> Drop -> Smash -> Drop -> Drop -> Drop -> Clear -> Drop -> Lift -> Lift -> Drop -> Drop -> Drop -> Drop -> Drop -> Lift -> Clear -> Drop -> Lift -> Drop -> Drop -> Drop -> Lift -> Drop -> Lift -> Smash -> Lift -> Drop -> Lift -> Drop,0.5049,0.0001,0.0071
8_12,1,train,35,Lift,Drop -> Drop -> Drop -> Lift -> Lift -> Drop -> Smash -> Drop -> Drop -> Drop -> Clear -> Drop -> Lift -> Lift -> Drop -> Drop -> Drop -> Drop -> Drop -> Lift -> Clear -> Drop -> Lift -> Drop -> Drop -> Drop -> Lift -> Drop -> Lift -> Smash -> Lift -> Drop -> Lift -> Drop -> Lift,0.505,0.0,0.0071
8_12,1,train,36,Clear,Drop -> Drop -> Drop -> Lift -> Lift -> Drop -> Smash -> Drop -> Drop -> Drop -> Clear -> Drop -> Lift -> Lift -> Drop -> Drop -> Drop -> Drop -> Drop -> Lift -> Clear -> Drop -> Lift -> Drop -> Drop -> Drop -> Lift -> Drop -> Lift -> Smash -> Lift -> Drop -> Lift -> Drop -> Lift -> Clear,0.5051,0.0001,0.0072
8_12,1,train,37,Smash,Drop -> Drop -> Drop -> Lift -> Lift -> Drop -> Smash -> Drop -> Drop -> Drop -> Clear -> Drop -> Lift -> Lift -> Drop -> Drop -> Drop -> Drop -> Drop -> Lift -> Clear -> Drop -> Lift -> Drop -> Drop -> Drop -> Lift -> Drop -> Lift -> Smash -> Lift -> Drop -> Lift -> Drop -> Lift -> Clear -> Smash,0.5052,0.0001,0.0073
8_12,1,train,38,Miss,Drop -> Drop -> Drop -> Lift -> Lift -> Drop -> Smash -> Drop -> Drop -> Drop -> Clear -> Drop -> Lift -> Lift -> Drop -> Drop -> Drop -> Drop -> Drop -> Lift -> Clear -> Drop -> Lift -> Drop -> Drop -> Drop -> Lift -> Drop -> Lift -> Smash -> Lift -> Drop -> Lift -> Drop -> Lift -> Clear -> Smash -> Miss,0.5053,0.0001,0.0074
8_13,0,train,1,Serve,Serve,0.4931,0.0,0.0
8_13,0,train,2,Lift,Serve -> Lift,0.4941,0.001,0.001
8_13,0,train,3,Drive,Serve -> Lift -> Drive,0.4946,0.0004,0.0015
8_13,0,train,4,Drop,Serve -> Lift -> Drive -> Drop,0.4948,0.0002,0.0017
8_13,0,train,5,Drop,Serve -> Lift -> Drive -> Drop -> Drop,0.4951,0.0003,0.002
8_13,0,train,6,Drop,Serve -> Lift -> Drive -> Drop -> Drop -> Drop,0.4955,0.0004,0.0024
8_13,0,train,7,Lift,Serve -> Lift -> Drive -> Drop -> Drop -> Drop -> Lift,0.4961,0.0006,0.003
8_13,0,train,8,Smash,Serve -> Lift -> Drive -> Drop -> Drop -> Drop -> Lift -> Smash,0.4968,0.0007,0.0037
8_13,0,train,9,Drop,Serve -> Lift -> Drive -> Drop -> Drop -> Drop -> Lift -> Smash -> Drop,0.4974,0.0006,0.0043
8_13,0,train,10,Drop,Serve -> Lift -> Drive -> Drop -> Drop -> Drop -> Lift -> Smash -> Drop -> Drop,0.4979,0.0005,0.0048
8_13,0,train,11,Drop,Serve -> Lift -> Drive -> Drop -> Drop -> Drop -> Lift -> Smash -> Drop -> Drop -> Drop,0.4984,0.0005,0.0053
8_13,0,train,12,Drop,Serve -> Lift -> Drive -> Drop -> Drop -> Drop -> Lift -> Smash -> Drop -> Drop -> Drop -> Drop,0.4989,0.0005,0.0058
8_13,0,train,13,Lift,Serve -> Lift -> Drive -> Drop -> Drop -> Drop -> Lift -> Smash -> Drop -> Drop -> Drop -> Drop -> Lift,0.4994,0.0005,0.0063
8_13,0,train,14,Smash,Serve -> Lift -> Drive -> Drop -> Drop -> Drop -> Lift -> Smash -> Drop -> Drop -> Drop -> Drop -> Lift -> Smash,0.4999,0.0005,0.0068
8_13,0,train,15,Drop,Serve -> Lift -> Drive -> Drop -> Drop -> Drop -> Lift -> Smash -> Drop -> Drop -> Drop -> Drop -> Lift -> Smash -> Drop,0.5003,0.0004,0.0072
8_13,0,train,16,Lift,Serve -> Lift -> Drive -> Drop -> Drop -> Drop -> Lift -> Smash -> Drop -> Drop -> Drop -> Drop -> Lift -> Smash -> Drop -> Lift,0.5007,0.0004,0.0076
8_13,0,train,17,Clear,Serve -> Lift -> Drive -> Drop -> Drop -> Drop -> Lift -> Smash -> Drop -> Drop -> Drop -> Drop -> Lift -> Smash -> Drop -> Lift -> Clear,0.5012,0.0005,0.0081
8_13,0,train,18,Smash,Serve -> Lift -> Drive -> Drop -> Drop -> Drop -> Lift -> Smash -> Drop -> Drop -> Drop -> Drop -> Lift -> Smash -> Drop -> Lift -> Clear -> Smash,0.5016,0.0005,0.0085
8_13,0,train,19,Drop,Serve -> Lift -> Drive -> Drop -> Drop -> Drop -> Lift -> Smash -> Drop -> Drop -> Drop -> Drop -> Lift -> Smash -> Drop -> Lift -> Clear -> Smash -> Drop,0.5019,0.0003,0.0088
8_13,0,train,20,Lift,Serve -> Lift -> Drive -> Drop -> Drop -> Drop -> Lift -> Smash -> Drop -> Drop -> Drop -> Drop -> Lift -> Smash -> Drop -> Lift -> Clear -> Smash -> Drop -> Lift,0.5022,0.0003,0.0091
8_13,0,train,21,Lift,Serve -> Lift -> Drive -> Drop -> Drop -> Drop -> Lift -> Smash -> Drop -> Drop -> Drop -> Drop -> Lift -> Smash -> Drop -> Lift -> Clear -> Smash -> Drop -> Lift -> Lift,0.5024,0.0002,0.0093
8_13,0,train,22,Drop,Serve -> Lift -> Drive -> Drop -> Drop -> Drop -> Lift -> Smash -> Drop -> Drop -> Drop -> Drop -> Lift -> Smash -> Drop -> Lift -> Clear -> Smash -> Drop -> Lift -> Lift -> Drop,0.5026,0.0002,0.0095
8_13,0,train,23,Smash,Serve -> Lift -> Drive -> Drop -> Drop -> Drop -> Lift -> Smash -> Drop -> Drop -> Drop -> Drop -> Lift -> Smash -> Drop -> Lift -> Clear -> Smash -> Drop -> Lift -> Lift -> Drop -> Smash,0.5028,0.0002,0.0097
8_13,0,train,24,Drop,Serve -> Lift -> Drive -> Drop -> Drop -> Drop -> Lift -> Smash -> Drop -> Drop -> Drop -> Drop -> Lift -> Smash -> Drop -> Lift -> Clear -> Smash -> Drop -> Lift -> Lift -> Drop -> Smash -> Drop,0.503,0.0002,0.0099
8_13,0,train,25,Smash,Serve -> Lift -> Drive -> Drop -> Drop -> Drop -> Lift -> Smash -> Drop -> Drop -> Drop -> Drop -> Lift -> Smash -> Drop -> Lift -> Clear -> Smash -> Drop -> Lift -> Lift -> Drop -> Smash -> Drop -> Smash,0.5032,0.0002,0.0101
8_13,0,train,26,Serve,Serve -> Lift -> Drive -> Drop -> Drop -> Drop -> Lift -> Smash -> Drop -> Drop -> Drop -> Drop -> Lift -> Smash -> Drop -> Lift -> Clear -> Smash -> Drop -> Lift -> Lift -> Drop -> Smash -> Drop -> Smash -> Serve,0.5032,-0.0,0.01
8_13,0,train,27,Lift,Serve -> Lift -> Drive -> Drop -> Drop -> Drop -> Lift -> Smash -> Drop -> Drop -> Drop -> Drop -> Lift -> Smash -> Drop -> Lift -> Clear -> Smash -> Drop -> Lift -> Lift -> Drop -> Smash -> Drop -> Smash -> Serve -> Lift,0.5032,0.0001,0.0101
8_13,0,train,28,Drop,Serve -> Lift -> Drive -> Drop -> Drop -> Drop -> Lift -> Smash -> Drop -> Drop -> Drop -> Drop -> Lift -> Smash -> Drop -> Lift -> Clear -> Smash -> Drop -> Lift -> Lift -> Drop -> Smash -> Drop -> Smash -> Serve -> Lift -> Drop,0.5033,0.0001,0.0102
8_13,0,train,29,Drop,Serve -> Lift -> Drive -> Drop -> Drop -> Drop -> Lift -> Smash -> Drop -> Drop -> Drop -> Drop -> Lift -> Smash -> Drop -> Lift -> Clear -> Smash -> Drop -> Lift -> Lift -> Drop -> Smash -> Drop -> Smash -> Serve -> Lift -> Drop -> Drop,0.5033,0.0001,0.0102
8_13,0,train,30,Clear,Serve -> Lift -> Drive -> Drop -> Drop -> Drop -> Lift -> Smash -> Drop -> Drop -> Drop -> Drop -> Lift -> Smash -> Drop -> Lift -> Clear -> Smash -> Drop -> Lift -> Lift -> Drop -> Smash -> Drop -> Smash -> Serve -> Lift -> Drop -> Drop -> Clear,0.5035,0.0001,0.0104
8_13,0,train,31,Drop,Serve -> Lift -> Drive -> Drop -> Drop -> Drop -> Lift -> Smash -> Drop -> Drop -> Drop -> Drop -> Lift -> Smash -> Drop -> Lift -> Clear -> Smash -> Drop -> Lift -> Lift -> Drop -> Smash -> Drop -> Smash -> Serve -> Lift -> Drop -> Drop -> Clear -> Drop,0.5036,0.0001,0.0105
8_13,0,train,32,Lift,Serve -> Lift -> Drive -> Drop -> Drop -> Drop -> Lift -> Smash -> Drop -> Drop -> Drop -> Drop -> Lift -> Smash -> Drop -> Lift -> Clear -> Smash -> Drop -> Lift -> Lift -> Drop -> Smash -> Drop -> Smash -> Serve -> Lift -> Drop -> Drop -> Clear -> Drop -> Lift,0.5037,0.0001,0.0106
8_13,0,train,33,Lift,Serve -> Lift -> Drive -> Drop -> Drop -> Drop -> Lift -> Smash -> Drop -> Drop -> Drop -> Drop -> Lift -> Smash -> Drop -> Lift -> Clear -> Smash -> Drop -> Lift -> Lift -> Drop -> Smash -> Drop -> Smash -> Serve -> Lift -> Drop -> Drop -> Clear -> Drop -> Lift -> Lift,0.5038,0.0001,0.0107
8_13,0,train,34,Drop,Serve -> Lift -> Drive -> Drop -> Drop -> Drop -> Lift -> Smash -> Drop -> Drop -> Drop -> Drop -> Lift -> Smash -> Drop -> Lift -> Clear -> Smash -> Drop -> Lift -> Lift -> Drop -> Smash -> Drop -> Smash -> Serve -> Lift -> Drop -> Drop -> Clear -> Drop -> Lift -> Lift -> Drop,0.5039,0.0001,0.0108
8_13,0,train,35,Lift,Serve -> Lift -> Drive -> Drop -> Drop -> Drop -> Lift -> Smash -> Drop -> Drop -> Drop -> Drop -> Lift -> Smash -> Drop -> Lift -> Clear -> Smash -> Drop -> Lift -> Lift -> Drop -> Smash -> Drop -> Smash -> Serve -> Lift -> Drop -> Drop -> Clear -> Drop -> Lift -> Lift -> Drop -> Lift,0.504,0.0001,0.0109
8_13,0,train,36,Lift,Serve -> Lift -> Drive -> Drop -> Drop -> Drop -> Lift -> Smash -> Drop -> Drop -> Drop -> Drop -> Lift -> Smash -> Drop -> Lift -> Clear -> Smash -> Drop -> Lift -> Lift -> Drop -> Smash -> Drop -> Smash -> Serve -> Lift -> Drop -> Drop -> Clear -> Drop -> Lift -> Lift -> Drop -> Lift -> Lift,0.504,0.0001,0.0109
8_13,0,train,37,Drop,Serve -> Lift -> Drive -> Drop -> Drop -> Drop -> Lift -> Smash -> Drop -> Drop -> Drop -> Drop -> Lift -> Smash -> Drop -> Lift -> Clear -> Smash -> Drop -> Lift -> Lift -> Drop -> Smash -> Drop -> Smash -> Serve -> Lift -> Drop -> Drop -> Clear -> Drop -> Lift -> Lift -> Drop -> Lift -> Lift -> Drop,0.5041,0.0001,0.011
8_13,0,train,38,Lift,Serve -> Lift -> Drive -> Drop -> Drop -> Drop -> Lift -> Smash -> Drop -> Drop -> Drop -> Drop -> Lift -> Smash -> Drop -> Lift -> Clear -> Smash -> Drop -> Lift -> Lift -> Drop -> Smash -> Drop -> Smash -> Serve -> Lift -> Drop -> Drop -> Clear -> Drop -> Lift -> Lift -> Drop -> Lift -> Lift -> Drop -> Lift,0.5041,0.0001,0.011
8_13,0,train,39,Net,Serve -> Lift -> Drive -> Drop -> Drop -> Drop -> Lift -> Smash -> Drop -> Drop -> Drop -> Drop -> Lift -> Smash -> Drop -> Lift -> Clear -> Smash -> Drop -> Lift -> Lift -> Drop -> Smash -> Drop -> Smash -> Serve -> Lift -> Drop -> Drop -> Clear -> Drop -> Lift -> Lift -> Drop -> Lift -> Lift -> Drop -> Lift -> Net,0.5042,0.0,0.0111
8_14,1,validation,1,Drop,Drop,0.4978,0.0,0.0
8_14,1,validation,2,Drop,Drop -> Drop,0.4973,-0.0006,-0.0006
8_14,1,validation,3,Fall,Drop -> Drop -> Fall,0.4991,0.0018,0.0012
8_15,1,train,1,Lift,Lift,0.4989,0.0,0.0
8_15,1,train,2,Drop,Lift -> Drop,0.4979,-0.001,-0.001
8_15,1,train,3,Lift,Lift -> Drop -> Lift,0.4976,-0.0002,-0.0013
8_15,1,train,4,Smash,Lift -> Drop -> Lift -> Smash,0.498,0.0003,-0.0009
8_15,1,train,5,Drop,Lift -> Drop -> Lift -> Smash -> Drop,0.4981,0.0001,-0.0008
8_15,1,train,6,Drop,Lift -> Drop -> Lift -> Smash -> Drop -> Drop,0.4983,0.0002,-0.0006
8_15,1,train,7,Lift,Lift -> Drop -> Lift -> Smash -> Drop -> Drop -> Lift,0.4986,0.0003,-0.0003
8_15,1,train,8,Drop,Lift -> Drop -> Lift -> Smash -> Drop -> Drop -> Lift -> Drop,0.4989,0.0003,0.0
8_15,1,train,9,Lift,Lift -> Drop -> Lift -> Smash -> Drop -> Drop -> Lift -> Drop -> Lift,0.4993,0.0004,0.0004
8_15,1,train,10,Drop,Lift -> Drop -> Lift -> Smash -> Drop -> Drop -> Lift -> Drop -> Lift -> Drop,0.4996,0.0004,0.0007
8_15,1,train,11,Clear,Lift -> Drop -> Lift -> Smash -> Drop -> Drop -> Lift -> Drop -> Lift -> Drop -> Clear,0.5002,0.0006,0.0013
8_15,1,train,12,Drop,Lift -> Drop -> Lift -> Smash -> Drop -> Drop -> Lift -> Drop -> Lift -> Drop -> Clear -> Drop,0.5007,0.0004,0.0018
8_15,1,train,13,Drop,Lift -> Drop -> Lift -> Smash -> Drop -> Drop -> Lift -> Drop -> Lift -> Drop -> Clear -> Drop -> Drop,0.501,0.0004,0.0022
8_15,1,train,14,Lift,Lift -> Drop -> Lift -> Smash -> Drop -> Drop -> Lift -> Drop -> Lift -> Drop -> Clear -> Drop -> Drop -> Lift,0.5014,0.0003,0.0025
8_15,1,train,15,Drop,Lift -> Drop -> Lift -> Smash -> Drop -> Drop -> Lift -> Drop -> Lift -> Drop -> Clear -> Drop -> Drop -> Lift -> Drop,0.5017,0.0003,0.0028
8_15,1,train,16,Lift,Lift -> Drop -> Lift -> Smash -> Drop -> Drop -> Lift -> Drop -> Lift -> Drop -> Clear -> Drop -> Drop -> Lift -> Drop -> Lift,0.5019,0.0003,0.0031
8_15,1,train,17,Drop,Lift -> Drop -> Lift -> Smash -> Drop -> Drop -> Lift -> Drop -> Lift -> Drop -> Clear -> Drop -> Drop -> Lift -> Drop -> Lift -> Drop,0.5022,0.0002,0.0033
8_15,1,train,18,Lift,Lift -> Drop -> Lift -> Smash -> Drop -> Drop -> Lift -> Drop -> Lift -> Drop -> Clear -> Drop -> Drop -> Lift -> Drop -> Lift -> Drop -> Lift,0.5024,0.0002,0.0035
8_15,1,train,19,Drop,Lift -> Drop -> Lift -> Smash -> Drop -> Drop -> Lift -> Drop -> Lift -> Drop -> Clear -> Drop -> Drop -> Lift -> Drop -> Lift -> Drop -> Lift -> Drop,0.5026,0.0002,0.0037
8_15,1,train,20,Lift,Lift -> Drop -> Lift -> Smash -> Drop -> Drop -> Lift -> Drop -> Lift -> Drop -> Clear -> Drop -> Drop -> Lift -> Drop -> Lift -> Drop -> Lift -> Drop -> Lift,0.5028,0.0002,0.0039
8_15,1,train,21,Lift,Lift -> Drop -> Lift -> Smash -> Drop -> Drop -> Lift -> Drop -> Lift -> Drop -> Clear -> Drop -> Drop -> Lift -> Drop -> Lift -> Drop -> Lift -> Drop -> Lift -> Lift,0.503,0.0002,0.0041
8_15,1,train,22,Smash,Lift -> Drop -> Lift -> Smash -> Drop -> Drop -> Lift -> Drop -> Lift -> Drop -> Clear -> Drop -> Drop -> Lift -> Drop -> Lift -> Drop -> Lift -> Drop -> Lift -> Lift -> Smash,0.5032,0.0002,0.0043
8_15,1,train,23,Smash,Lift -> Drop -> Lift -> Smash -> Drop -> Drop -> Lift -> Drop -> Lift -> Drop -> Clear -> Drop -> Drop -> Lift -> Drop -> Lift -> Drop -> Lift -> Drop -> Lift -> Lift -> Smash -> Smash,0.5034,0.0002,0.0045
8_15,1,train,24,Drop,Lift -> Drop -> Lift -> Smash -> Drop -> Drop -> Lift -> Drop -> Lift -> Drop -> Clear -> Drop -> Drop -> Lift -> Drop -> Lift -> Drop -> Lift -> Drop -> Lift -> Lift -> Smash -> Smash -> Drop,0.5036,0.0002,0.0047
8_15,1,train,25,Fall,Lift -> Drop -> Lift -> Smash -> Drop -> Drop -> Lift -> Drop -> Lift -> Drop -> Clear -> Drop -> Drop -> Lift -> Drop -> Lift -> Drop -> Lift -> Drop -> Lift -> Lift -> Smash -> Smash -> Drop -> Fall,0.5039,0.0003,0.005
8_16,1,validation,1,Drop,Drop,0.4978,0.0,0.0
8_16,1,validation,2,Drive,Drop -> Drive,0.4977,-0.0002,-0.0002
8_16,1,validation,3,Drop,Drop -> Drive -> Drop,0.4973,-0.0004,-0.0005
8_16,1,validation,4,Drive,Drop -> Drive -> Drop -> Drive,0.4973,-0.0,-0.0005
8_16,1,validation,5,Lift,Drop -> Drive -> Drop -> Drive -> Lift,0.4974,0.0001,-0.0004
8_16,1,validation,6,Drop,Drop -> Drive -> Drop -> Drive -> Lift -> Drop,0.4976,0.0001,-0.0003
8_16,1,validation,7,Lift,Drop -> Drive -> Drop -> Drive -> Lift -> Drop -> Lift,0.4978,0.0003,-0.0
8_16,1,validation,8,Drop,Drop -> Drive -> Drop -> Drive -> Lift -> Drop -> Lift -> Drop,0.4981,0.0003,0.0003
8_16,1,validation,9,Lift,Drop -> Drive -> Drop -> Drive -> Lift -> Drop -> Lift -> Drop -> Lift,0.4985,0.0004,0.0006
8_16,1,validation,10,Drop,Drop -> Drive -> Drop -> Drive -> Lift -> Drop -> Lift -> Drop -> Lift -> Drop,0.4988,0.0003,0.001
8_16,1,validation,11,Lift,Drop -> Drive -> Drop -> Drive -> Lift -> Drop -> Lift -> Drop -> Lift -> Drop -> Lift,0.4992,0.0004,0.0014
8_16,1,validation,12,Net,Drop -> Drive -> Drop -> Drive -> Lift -> Drop -> Lift -> Drop -> Lift -> Drop -> Lift -> Net,0.4996,0.0004,0.0017
8_17,1,test,1,Lift,Lift,0.4989,0.0,0.0
8_17,1,test,2,Drive,Lift -> Drive,0.4984,-0.0005,-0.0005
8_17,1,test,3,Drop,Lift -> Drive -> Drop,0.4977,-0.0007,-0.0011
8_17,1,test,4,Drop,Lift -> Drive -> Drop -> Drop,0.4974,-0.0003,-0.0015
8_17,1,test,5,Drop,Lift -> Drive -> Drop -> Drop -> Drop,0.4974,-0.0,-0.0015
8_17,1,test,6,Clear,Lift -> Drive -> Drop -> Drop -> Drop -> Clear,0.498,0.0007,-0.0008
8_17,1,test,7,Drop,Lift -> Drive -> Drop -> Drop -> Drop -> Clear -> Drop,0.4985,0.0004,-0.0004
8_17,1,test,8,Lift,Lift -> Drive -> Drop -> Drop -> Drop -> Clear -> Drop -> Lift,0.4989,0.0004,0.0
8_17,1,test,9,Lift,Lift -> Drive -> Drop -> Drop -> Drop -> Clear -> Drop -> Lift -> Lift,0.4993,0.0004,0.0005
8_17,1,test,10,Fall,Lift -> Drive -> Drop -> Drop -> Drop -> Clear -> Drop -> Lift -> Lift -> Fall,0.5002,0.0009,0.0013
8_18,1,train,1,Lift,Lift,0.4989,0.0,0.0
8_18,1,train,2,Drop,Lift -> Drop,0.4979,-0.001,-0.001
8_18,1,train,3,Drive,Lift -> Drop -> Drive,0.4976,-0.0003,-0.0013
8_18,1,train,4,Lift,Lift -> Drop -> Drive -> Lift,0.4976,-0.0001,-0.0013
8_18,1,train,5,Fall,Lift -> Drop -> Drive -> Lift -> Fall,0.4987,0.0011,-0.0002
8_19,1,train,1,Drop,Drop,0.4978,0.0,0.0
8_19,1,train,2,Clear,Drop -> Clear,0.5008,0.003,0.003
8_19,1,train,3,Drop,Drop -> Clear -> Drop,0.5001,-0.0007,0.0023
8_19,1,train,4,Drop,Drop -> Clear -> Drop -> Drop,0.4992,-0.0009,0.0014
8_19,1,train,5,Clear,Drop -> Clear -> Drop -> Drop -> Clear,0.4998,0.0006,0.002
8_19,1,train,6,Fall,Drop -> Clear -> Drop -> Drop -> Clear -> Fall,0.5012,0.0014,0.0034
8_20,1,validation,1,Serve,Serve,0.4931,0.0,0.0
8_20,1,validation,2,Drive,Serve -> Drive,0.494,0.0009,0.0009
8_20,1,validation,3,Lift,Serve -> Drive -> Lift,0.4945,0.0005,0.0014
8_20,1,validation,4,Drop,Serve -> Drive -> Lift -> Drop,0.4947,0.0002,0.0016
8_20,1,validation,5,Drop,Serve -> Drive -> Lift -> Drop -> Drop,0.495,0.0003,0.0019
8_20,1,validation,6,Clear,Serve -> Drive -> Lift -> Drop -> Drop -> Clear,0.496,0.001,0.0029
8_20,1,validation,7,Drop,Serve -> Drive -> Lift -> Drop -> Drop -> Clear -> Drop,0.4966,0.0007,0.0035
8_20,1,validation,8,Clear,Serve -> Drive -> Lift -> Drop -> Drop -> Clear -> Drop -> Clear,0.4976,0.001,0.0045
8_20,1,validation,9,Lift,Serve -> Drive -> Lift -> Drop -> Drop -> Clear -> Drop -> Clear -> Lift,0.4984,0.0007,0.0053
8_20,1,validation,10,Net,Serve -> Drive -> Lift -> Drop -> Drop -> Clear -> Drop -> Clear -> Lift -> Net,0.499,0.0006,0.0059
26_4,1,train,1,Long Defence,Long Defence,0.517,0.0,0.0
26_4,1,train,2,Fall,Long Defence -> Fall,0.5211,0.0041,0.0041
26_5,1,test,1,Lift,Lift,0.4989,0.0,0.0
26_5,1,test,2,Short Defence,Lift -> Short Defence,0.5032,0.0043,0.0043
26_5,1,test,3,Drop,Lift -> Short Defence -> Drop,0.5018,-0.0014,0.0029
26_5,1,test,4,Lift,Lift -> Short Defence -> Drop -> Lift,0.5007,-0.0011,0.0018
26_5,1,test,5,Fall,Lift -> Short Defence -> Drop -> Lift -> Fall,0.5014,0.0007,0.0025
26_6,1,test,1,Backhand Serve,Backhand Serve,0.5087,0.0,0.0
26_6,1,test,2,Net Shot,Backhand Serve -> Net Shot,0.5132,0.0044,0.0044
26_6,1,test,3,Lift,Backhand Serve -> Net Shot -> Lift,0.5093,-0.0038,0.0006
26_6,1,test,4,Fall,Backhand Serve -> Net Shot -> Lift -> Fall,0.5103,0.001,0.0015
26_7,1,test,1,Drive,Drive,0.5036,0.0,0.0
26_7,1,test,2,Drive,Drive -> Drive,0.5023,-0.0013,-0.0013
26_7,1,test,3,Lift,Drive -> Drive -> Lift,0.4994,-0.0029,-0.0042
26_7,1,test,4,Long Defence,Drive -> Drive -> Lift -> Long Defence,0.5001,0.0007,-0.0035
26_7,1,test,5,Fall,Drive -> Drive -> Lift -> Long Defence -> Fall,0.5026,0.0025,-0.001
26_8,1,train,1,Backhand Serve,Backhand Serve,0.5087,0.0,0.0
26_8,1,train,2,Lift,Backhand Serve -> Lift,0.5037,-0.005,-0.005
26_8,1,train,3,Short Defence,Backhand Serve -> Lift -> Short Defence,0.5051,0.0014,-0.0036
26_8,1,train,4,Smash,Backhand Serve -> Lift -> Short Defence -> Smash,0.5049,-0.0002,-0.0039
26_8,1,train,5,Smash,Backhand Serve -> Lift -> Short Defence -> Smash -> Smash,0.5045,-0.0004,-0.0043
26_8,1,train,6,Lift,Backhand Serve -> Lift -> Short Defence -> Smash -> Smash -> Lift,0.5033,-0.0011,-0.0054
26_8,1,train,7,Drive,Backhand Serve -> Lift -> Short Defence -> Smash -> Smash -> Lift -> Drive,0.5024,-0.0009,-0.0063
26_8,1,train,8,Short Defence,Backhand Serve -> Lift -> Short Defence -> Smash -> Smash -> Lift -> Drive -> Short Defence,0.5027,0.0003,-0.006
26_8,1,train,9,Smash,Backhand Serve -> Lift -> Short Defence -> Smash -> Smash -> Lift -> Drive -> Short Defence -> Smash,0.5028,0.0,-0.006
26_8,1,train,10,Net Shot,Backhand Serve -> Lift -> Short Defence -> Smash -> Smash -> Lift -> Drive -> Short Defence -> Smash -> Net Shot,0.5034,0.0006,-0.0053
26_8,1,train,11,Smash,Backhand Serve -> Lift -> Short Defence -> Smash -> Smash -> Lift -> Drive -> Short Defence -> Smash -> Net Shot -> Smash,0.5037,0.0003,-0.0051
26_8,1,train,12,Short Defence,Backhand Serve -> Lift -> Short Defence -> Smash -> Smash -> Lift -> Drive -> Short Defence -> Smash -> Net Shot -> Smash -> Short Defence,0.5045,0.0008,-0.0043
26_8,1,train,13,Short Defence,Backhand Serve -> Lift -> Short Defence -> Smash -> Smash -> Lift -> Drive -> Short Defence -> Smash -> Net Shot -> Smash -> Short Defence -> Short Defence,0.5057,0.0012,-0.0031
26_8,1,train,14,Drive,Backhand Serve -> Lift -> Short Defence -> Smash -> Smash -> Lift -> Drive -> Short Defence -> Smash -> Net Shot -> Smash -> Short Defence -> Short Defence -> Drive,0.5061,0.0004,-0.0027
26_8,1,train,15,Lift,Backhand Serve -> Lift -> Short Defence -> Smash -> Smash -> Lift -> Drive -> Short Defence -> Smash -> Net Shot -> Smash -> Short Defence -> Short Defence -> Drive -> Lift,0.506,-0.0001,-0.0028
26_8,1,train,16,Fall,Backhand Serve -> Lift -> Short Defence -> Smash -> Smash -> Lift -> Drive -> Short Defence -> Smash -> Net Shot -> Smash -> Short Defence -> Short Defence -> Drive -> Lift -> Fall,0.5063,0.0004,-0.0024
27_1,1,train,1,Clear,Clear,0.5168,0.0,0.0
27_1,1,train,2,Net,Clear -> Net,0.5185,0.0017,0.0017
27_2,1,train,1,Clear,Clear,0.5168,0.0,0.0
27_2,1,train,2,Drive,Clear -> Drive,0.5131,-0.0037,-0.0037
27_2,1,train,3,Drive,Clear -> Drive -> Drive,0.5104,-0.0027,-0.0064
27_2,1,train,4,Short Defence,Clear -> Drive -> Drive -> Short Defence,0.5111,0.0007,-0.0057
27_2,1,train,5,Clear,Clear -> Drive -> Drive -> Short Defence -> Clear,0.5127,0.0016,-0.004
27_2,1,train,6,Lift,Clear -> Drive -> Drive -> Short Defence -> Clear -> Lift,0.5114,-0.0013,-0.0053
27_2,1,train,7,Fall,Clear -> Drive -> Drive -> Short Defence -> Clear -> Lift -> Fall,0.5117,0.0003,-0.0051
27_3,1,train,1,Lift,Lift,0.4989,0.0,0.0
27_3,1,train,2,Drop,Lift -> Drop,0.4979,-0.001,-0.001
27_3,1,train,3,Drop,Lift -> Drop -> Drop,0.4974,-0.0004,-0.0014
27_3,1,train,4,Clear,Lift -> Drop -> Drop -> Clear,0.4982,0.0008,-0.0006
27_3,1,train,5,Fall,Lift -> Drop -> Drop -> Clear -> Fall,0.4998,0.0016,0.0009
27_4,1,train,1,Clear,Clear,0.5168,0.0,0.0
27_4,1,train,2,Fall,Clear -> Fall,0.5215,0.0047,0.0047
27_5,0,validation,1,Long Defence,Long Defence,0.517,0.0,0.0
27_5,0,validation,2,Long Defence,Long Defence -> Long Defence,0.5198,0.0027,0.0027
27_5,0,validation,3,Drive,Long Defence -> Long Defence -> Drive,0.5189,-0.0009,0.0018
27_5,0,validation,4,Net Shot,Long Defence -> Long Defence -> Drive -> Net Shot,0.5197,0.0009,0.0027
27_5,0,validation,5,Lift,Long Defence -> Long Defence -> Drive -> Net Shot -> Lift,0.5172,-0.0025,0.0002
27_5,0,validation,6,Lift,Long Defence -> Long Defence -> Drive -> Net Shot -> Lift -> Lift,0.5132,-0.004,-0.0039
27_5,0,validation,7,Lift,Long Defence -> Long Defence -> Drive -> Net Shot -> Lift -> Lift -> Lift,0.5095,-0.0037,-0.0075
27_5,0,validation,8,Smash,Long Defence -> Long Defence -> Drive -> Net Shot -> Lift -> Lift -> Lift -> Smash,0.5072,-0.0023,-0.0098
27_5,0,validation,9,Out,Long Defence -> Long Defence -> Drive -> Net Shot -> Lift -> Lift -> Lift -> Smash -> Out,0.5064,-0.0008,-0.0106
27_6,1,train,1,Lift,Lift,0.4989,0.0,0.0
27_6,1,train,2,Lift,Lift -> Lift,0.4983,-0.0006,-0.0006
27_6,1,train,3,Smash,Lift -> Lift -> Smash,0.4984,0.0002,-0.0004
27_6,1,train,4,Net Shot,Lift -> Lift -> Smash -> Net Shot,0.4997,0.0012,0.0008
27_6,1,train,5,Smash,Lift -> Lift -> Smash -> Net Shot -> Smash,0.5003,0.0006,0.0014
27_6,1,train,6,Net Kill,Lift -> Lift -> Smash -> Net Shot -> Smash -> Net Kill,0.5011,0.0008,0.0022
27_6,1,train,7,Net Kill,Lift -> Lift -> Smash -> Net Shot -> Smash -> Net Kill -> Net Kill,0.5018,0.0008,0.0029
27_6,1,train,8,Serve,Lift -> Lift -> Smash -> Net Shot -> Smash -> Net Kill -> Net Kill -> Serve,0.5014,-0.0004,0.0025
27_6,1,train,9,Smash,Lift -> Lift -> Smash -> Net Shot -> Smash -> Net Kill -> Net Kill -> Serve -> Smash,0.5013,-0.0001,0.0025
27_6,1,train,10,Lift,Lift -> Lift -> Smash -> Net Shot -> Smash -> Net Kill -> Net Kill -> Serve -> Smash -> Lift,0.5013,-0.0001,0.0024
27_6,1,train,11,Serve,Lift -> Lift -> Smash -> Net Shot -> Smash -> Net Kill -> Net Kill -> Serve -> Smash -> Lift -> Serve,0.5008,-0.0004,0.0019
27_6,1,train,12,Clear,Lift -> Lift -> Smash -> Net Shot -> Smash -> Net Kill -> Net Kill -> Serve -> Smash -> Lift -> Serve -> Clear,0.5008,0.0,0.002
27_6,1,train,13,Drive,Lift -> Lift -> Smash -> Net Shot -> Smash -> Net Kill -> Net Kill -> Serve -> Smash -> Lift -> Serve -> Clear -> Drive,0.5009,0.0,0.002
27_6,1,train,14,Miss,Lift -> Lift -> Smash -> Net Shot -> Smash -> Net Kill -> Net Kill -> Serve -> Smash -> Lift -> Serve -> Clear -> Drive -> Miss,0.501,0.0001,0.0021
27_7,1,train,1,Long Defence,Long Defence,0.517,0.0,0.0
27_7,1,train,2,Lift,Long Defence -> Lift,0.5094,-0.0076,-0.0076
27_7,1,train,3,Drive,Long Defence -> Lift -> Drive,0.5063,-0.0031,-0.0108
27_7,1,train,4,Net Shot,Long Defence -> Lift -> Drive -> Net Shot,0.5067,0.0005,-0.0103
27_7,1,train,5,Smash,Long Defence -> Lift -> Drive -> Net Shot -> Smash,0.5062,-0.0006,-0.0109
27_7,1,train,6,Net Shot,Long Defence -> Lift -> Drive -> Net Shot -> Smash -> Net Shot,0.507,0.0009,-0.01
27_7,1,train,7,Clear,Long Defence -> Lift -> Drive -> Net Shot -> Smash -> Net Shot -> Clear,0.5087,0.0016,-0.0084
27_7,1,train,8,Net Shot,Long Defence -> Lift -> Drive -> Net Shot -> Smash -> Net Shot -> Clear -> Net Shot,0.5105,0.0018,-0.0066
27_7,1,train,9,Lift,Long Defence -> Lift -> Drive -> Net Shot -> Smash -> Net Shot -> Clear -> Net Shot -> Lift,0.5101,-0.0004,-0.0069
27_7,1,train,10,Short Defence,Long Defence -> Lift -> Drive -> Net Shot -> Smash -> Net Shot -> Clear -> Net Shot -> Lift -> Short Defence,0.5105,0.0004,-0.0065
27_7,1,train,11,Lift,Long Defence -> Lift -> Drive -> Net Shot -> Smash -> Net Shot -> Clear -> Net Shot -> Lift -> Short Defence -> Lift,0.5097,-0.0008,-0.0073
27_7,1,train,12,Long Defence,Long Defence -> Lift -> Drive -> Net Shot -> Smash -> Net Shot -> Clear -> Net Shot -> Lift -> Short Defence -> Lift -> Long Defence,0.5096,-0.0001,-0.0074
27_7,1,train,13,Smash,Long Defence -> Lift -> Drive -> Net Shot -> Smash -> Net Shot -> Clear -> Net Shot -> Lift -> Short Defence -> Lift -> Long Defence -> Smash,0.5093,-0.0003,-0.0077
27_7,1,train,14,Fall,Long Defence -> Lift -> Drive -> Net Shot -> Smash -> Net Shot -> Clear -> Net Shot -> Lift -> Short Defence -> Lift -> Long Defence -> Smash -> Fall,0.5096,0.0003,-0.0074
27_8,1,test,1,Lift,Lift,0.4989,0.0,0.0
27_8,1,test,2,Drive,Lift -> Drive,0.4984,-0.0005,-0.0005
27_8,1,test,3,Lift,Lift -> Drive -> Lift,0.498,-0.0004,-0.0009
27_8,1,test,4,Lift,Lift -> Drive -> Lift -> Lift,0.4977,-0.0002,-0.0011
27_8,1,test,5,Drive,Lift -> Drive -> Lift -> Lift -> Drive,0.4976,-0.0001,-0.0012
27_8,1,test,6,Lift,Lift -> Drive -> Lift -> Lift -> Drive -> Lift,0.4976,0.0,-0.0012
27_8,1,test,7,Drive,Lift -> Drive -> Lift -> Lift -> Drive -> Lift -> Drive,0.4977,0.0001,-0.0012
27_8,1,test,8,Clear,Lift -> Drive -> Lift -> Lift -> Drive -> Lift -> Drive -> Clear,0.4982,0.0005,-0.0006
27_8,1,test,9,Fall,Lift -> Drive -> Lift -> Lift -> Drive -> Lift -> Drive -> Clear -> Fall,0.4992,0.001,0.0004
27_9,1,test,1,Net Shot,Net Shot,0.5165,0.0,0.0
27_9,1,test,2,Lift,Net Shot -> Lift,0.5105,-0.006,-0.006
27_9,1,test,3,Long Defence,Net Shot -> Lift -> Long Defence,0.5109,0.0003,-0.0057
27_9,1,test,4,Lift,Net Shot -> Lift -> Long Defence -> Lift,0.5075,-0.0033,-0.009
27_9,1,test,5,Lift,Net Shot -> Lift -> Long Defence -> Lift -> Lift,0.5045,-0.003,-0.012
27_9,1,test,6,Lift,Net Shot -> Lift -> Long Defence -> Lift -> Lift -> Lift,0.5025,-0.002,-0.014
27_9,1,test,7,Lift,Net Shot -> Lift -> Long Defence -> Lift -> Lift -> Lift -> Lift,0.5012,-0.0013,-0.0153
27_9,1,test,8,Long Defence,Net Shot -> Lift -> Long Defence -> Lift -> Lift -> Lift -> Lift -> Long Defence,0.5012,0.0,-0.0153
27_9,1,test,9,Smash,Net Shot -> Lift -> Long Defence -> Lift -> Lift -> Lift -> Lift -> Long Defence -> Smash,0.5014,0.0002,-0.0151
27_9,1,test,10,Net Shot,Net Shot -> Lift -> Long Defence -> Lift -> Lift -> Lift -> Lift -> Long Defence -> Smash -> Net Shot,0.5019,0.0005,-0.0146
27_9,1,test,11,Clear,Net Shot -> Lift -> Long Defence -> Lift -> Lift -> Lift -> Lift -> Long Defence -> Smash -> Net Shot -> Clear,0.5025,0.0006,-0.014
27_9,1,test,12,Net Shot,Net Shot -> Lift -> Long Defence -> Lift -> Lift -> Lift -> Lift -> Long Defence -> Smash -> Net Shot -> Clear -> Net Shot,0.5033,0.0008,-0.0132
27_9,1,test,13,Smash,Net Shot -> Lift -> Long Defence -> Lift -> Lift -> Lift -> Lift -> Long Defence -> Smash -> Net Shot -> Clear -> Net Shot -> Smash,0.5039,0.0006,-0.0126
27_9,1,test,14,Lift,Net Shot -> Lift -> Long Defence -> Lift -> Lift -> Lift -> Lift -> Long Defence -> Smash -> Net Shot -> Clear -> Net Shot -> Smash -> Lift,0.504,0.0001,-0.0125
27_9,1,test,15,Net,Net Shot -> Lift -> Long Defence -> Lift -> Lift -> Lift -> Lift -> Long Defence -> Smash -> Net Shot -> Clear -> Net Shot -> Smash -> Lift -> Net,0.5042,0.0002,-0.0123
27_10,0,train,1,Lift,Lift,0.4989,0.0,0.0
27_10,0,train,2,Smash,Lift -> Smash,0.4991,0.0002,0.0002
27_10,0,train,3,Net Shot,Lift -> Smash -> Net Shot,0.5008,0.0017,0.0019
27_10,0,train,4,Smash,Lift -> Smash -> Net Shot -> Smash,0.5013,0.0006,0.0025
27_10,0,train,5,Long Defence,Lift -> Smash -> Net Shot -> Smash -> Long Defence,0.5029,0.0016,0.004
27_10,0,train,6,Smash,Lift -> Smash -> Net Shot -> Smash -> Long Defence -> Smash,0.5034,0.0005,0.0045
27_10,0,train,7,Net Kill,Lift -> Smash -> Net Shot -> Smash -> Long Defence -> Smash -> Net Kill,0.5041,0.0007,0.0053
27_10,0,train,8,Lift,Lift -> Smash -> Net Shot -> Smash -> Long Defence -> Smash -> Net Kill -> Lift,0.5038,-0.0004,0.0049
27_10,0,train,9,Drop,Lift -> Smash -> Net Shot -> Smash -> Long Defence -> Smash -> Net Kill -> Lift -> Drop,0.5028,-0.0009,0.0039
27_10,0,train,10,Drop,Lift -> Smash -> Net Shot -> Smash -> Long Defence -> Smash -> Net Kill -> Lift -> Drop -> Drop,0.5022,-0.0006,0.0033
27_10,0,train,11,Clear,Lift -> Smash -> Net Shot -> Smash -> Long Defence -> Smash -> Net Kill -> Lift -> Drop -> Drop -> Clear,0.5023,0.0001,0.0034
27_10,0,train,12,Short Defence,Lift -> Smash -> Net Shot -> Smash -> Long Defence -> Smash -> Net Kill -> Lift -> Drop -> Drop -> Clear -> Short Defence,0.5028,0.0005,0.0039
27_10,0,train,13,Drive,Lift -> Smash -> Net Shot -> Smash -> Long Defence -> Smash -> Net Kill -> Lift -> Drop -> Drop -> Clear -> Short Defence -> Drive,0.503,0.0002,0.0041
27_10,0,train,14,Fall,Lift -> Smash -> Net Shot -> Smash -> Long Defence -> Smash -> Net Kill -> Lift -> Drop -> Drop -> Clear -> Short Defence -> Drive -> Fall,0.5035,0.0005,0.0046
27_11,0,test,1,Smash,Smash,0.5043,0.0,0.0
27_11,0,test,2,Drive,Smash -> Drive,0.5027,-0.0016,-0.0016
27_11,0,test,3,Long Defence,Smash -> Drive -> Long Defence,0.5048,0.0021,0.0005
27_11,0,test,4,Clear,Smash -> Drive -> Long Defence -> Clear,0.5079,0.0031,0.0036
27_11,0,test,5,Fall,Smash -> Drive -> Long Defence -> Clear -> Fall,0.5113,0.0034,0.007
27_12,0,train,1,Lift,Lift,0.4989,0.0,0.0
27_12,0,train,2,Drive,Lift -> Drive,0.4984,-0.0005,-0.0005
27_12,0,train,3,Drive,Lift -> Drive -> Drive,0.498,-0.0004,-0.0008
27_12,0,train,4,Drive,Lift -> Drive -> Drive -> Drive,0.4978,-0.0003,-0.0011
27_12,0,train,5,Net Shot,Lift -> Drive -> Drive -> Drive -> Net Shot,0.4986,0.0008,-0.0003
27_12,0,train,6,Long Defence,Lift -> Drive -> Drive -> Drive -> Net Shot -> Long Defence,0.4998,0.0012,0.0009
27_12,0,train,7,Long Defence,Lift -> Drive -> Drive -> Drive -> Net Shot -> Long Defence -> Long Defence,0.502,0.0022,0.0031
27_12,0,train,8,Smash,Lift -> Drive -> Drive -> Drive -> Net Shot -> Long Defence -> Long Defence -> Smash,0.5031,0.001,0.0042
27_12,0,train,9,Net Shot,Lift -> Drive -> Drive -> Drive -> Net Shot -> Long Defence -> Long Defence -> Smash -> Net Shot,0.5046,0.0015,0.0057
27_12,0,train,10,Smash,Lift -> Drive -> Drive -> Drive -> Net Shot -> Long Defence -> Long Defence -> Smash -> Net Shot -> Smash,0.5051,0.0005,0.0062
27_12,0,train,11,Drive,Lift -> Drive -> Drive -> Drive -> Net Shot -> Long Defence -> Long Defence -> Smash -> Net Shot -> Smash -> Drive,0.5051,-0.0,0.0062
27_12,0,train,12,Lift,Lift -> Drive -> Drive -> Drive -> Net Shot -> Long Defence -> Long Defence -> Smash -> Net Shot -> Smash -> Drive -> Lift,0.5043,-0.0007,0.0055
27_12,0,train,13,Smash,Lift -> Drive -> Drive -> Drive -> Net Shot -> Long Defence -> Long Defence -> Smash -> Net Shot -> Smash -> Drive -> Lift -> Smash,0.5039,-0.0005,0.005
27_12,0,train,14,Net Shot,Lift -> Drive -> Drive -> Drive -> Net Shot -> Long Defence -> Long Defence -> Smash -> Net Shot -> Smash -> Drive -> Lift -> Smash -> Net Shot,0.504,0.0001,0.0051
27_12,0,train,15,Smash,Lift -> Drive -> Drive -> Drive -> Net Shot -> Long Defence -> Long Defence -> Smash -> Net Shot -> Smash -> Drive -> Lift -> Smash -> Net Shot -> Smash,0.504,-0.0,0.0051
27_12,0,train,16,Net Shot,Lift -> Drive -> Drive -> Drive -> Net Shot -> Long Defence -> Long Defence -> Smash -> Net Shot -> Smash -> Drive -> Lift -> Smash -> Net Shot -> Smash -> Net Shot,0.5044,0.0004,0.0055
27_12,0,train,17,Net Kill,Lift -> Drive -> Drive -> Drive -> Net Shot -> Long Defence -> Long Defence -> Smash -> Net Shot -> Smash -> Drive -> Lift -> Smash -> Net Shot -> Smash -> Net Shot -> Net Kill,0.5048,0.0004,0.0059
27_12,0,train,18,Miss,Lift -> Drive -> Drive -> Drive -> Net Shot -> Long Defence -> Long Defence -> Smash -> Net Shot -> Smash -> Drive -> Lift -> Smash -> Net Shot -> Smash -> Net Shot -> Net Kill -> Miss,0.5049,0.0001,0.006
29_1,0,validation,1,Lift,Lift,0.4989,0.0,0.0
29_1,0,validation,2,Clear,Lift -> Clear,0.5028,0.004,0.004
29_1,0,validation,3,Lift,Lift -> Clear -> Lift,0.5015,-0.0013,0.0026
29_1,0,validation,4,Drive,Lift -> Clear -> Lift -> Drive,0.5006,-0.0009,0.0017
29_1,0,validation,5,Lift,Lift -> Clear -> Lift -> Drive -> Lift,0.4997,-0.0009,0.0008
29_1,0,validation,6,Smash,Lift -> Clear -> Lift -> Drive -> Lift -> Smash,0.4996,-0.0001,0.0007
29_1,0,validation,7,Drive,Lift -> Clear -> Lift -> Drive -> Lift -> Smash -> Drive,0.4996,0.0,0.0007
29_1,0,validation,8,Drive,Lift -> Clear -> Lift -> Drive -> Lift -> Smash -> Drive -> Drive,0.4996,0.0,0.0007
29_1,0,validation,9,Drive,Lift -> Clear -> Lift -> Drive -> Lift -> Smash -> Drive -> Drive -> Drive,0.4996,0.0,0.0007
29_1,0,validation,10,Lift,Lift -> Clear -> Lift -> Drive -> Lift -> Smash -> Drive -> Drive -> Drive -> Lift,0.4996,0.0,0.0007
29_1,0,validation,11,Drive,Lift -> Clear -> Lift -> Drive -> Lift -> Smash -> Drive -> Drive -> Drive -> Lift -> Drive,0.4996,0.0,0.0007
29_1,0,validation,12,Lift,Lift -> Clear -> Lift -> Drive -> Lift -> Smash -> Drive -> Drive -> Drive -> Lift -> Drive -> Lift,0.4997,0.0,0.0008
29_1,0,validation,13,Drop,Lift -> Clear -> Lift -> Drive -> Lift -> Smash -> Drive -> Drive -> Drive -> Lift -> Drive -> Lift -> Drop,0.4997,0.0,0.0008
29_1,0,validation,14,Clear,Lift -> Clear -> Lift -> Drive -> Lift -> Smash -> Drive -> Drive -> Drive -> Lift -> Drive -> Lift -> Drop -> Clear,0.5,0.0003,0.0011
29_1,0,validation,15,Lift,Lift -> Clear -> Lift -> Drive -> Lift -> Smash -> Drive -> Drive -> Drive -> Lift -> Drive -> Lift -> Drop -> Clear -> Lift,0.5002,0.0002,0.0013
29_1,0,validation,16,Smash,Lift -> Clear -> Lift -> Drive -> Lift -> Smash -> Drive -> Drive -> Drive -> Lift -> Drive -> Lift -> Drop -> Clear -> Lift -> Smash,0.5004,0.0003,0.0016
29_1,0,validation,17,Smash,Lift -> Clear -> Lift -> Drive -> Lift -> Smash -> Drive -> Drive -> Drive -> Lift -> Drive -> Lift -> Drop -> Clear -> Lift -> Smash -> Smash,0.5007,0.0003,0.0018
29_1,0,validation,18,Smash,Lift -> Clear -> Lift -> Drive -> Lift -> Smash -> Drive -> Drive -> Drive -> Lift -> Drive -> Lift -> Drop -> Clear -> Lift -> Smash -> Smash -> Smash,0.501,0.0003,0.0021
29_1,0,validation,19,Smash,Lift -> Clear -> Lift -> Drive -> Lift -> Smash -> Drive -> Drive -> Drive -> Lift -> Drive -> Lift -> Drop -> Clear -> Lift -> Smash -> Smash -> Smash -> Smash,0.5013,0.0003,0.0024
29_1,0,validation,20,Lift,Lift -> Clear -> Lift -> Drive -> Lift -> Smash -> Drive -> Drive -> Drive -> Lift -> Drive -> Lift -> Drop -> Clear -> Lift -> Smash -> Smash -> Smash -> Smash -> Lift,0.5015,0.0002,0.0026
29_1,0,validation,21,Drive,Lift -> Clear -> Lift -> Drive -> Lift -> Smash -> Drive -> Drive -> Drive -> Lift -> Drive -> Lift -> Drop -> Clear -> Lift -> Smash -> Smash -> Smash -> Smash -> Lift -> Drive,0.5017,0.0001,0.0028
29_1,0,validation,22,Drive,Lift -> Clear -> Lift -> Drive -> Lift -> Smash -> Drive -> Drive -> Drive -> Lift -> Drive -> Lift -> Drop -> Clear -> Lift -> Smash -> Smash -> Smash -> Smash -> Lift -> Drive -> Drive,0.5018,0.0001,0.0029
29_1,0,validation,23,Lift,Lift -> Clear -> Lift -> Drive -> Lift -> Smash -> Drive -> Drive -> Drive -> Lift -> Drive -> Lift -> Drop -> Clear -> Lift -> Smash -> Smash -> Smash -> Smash -> Lift -> Drive -> Drive -> Lift,0.5019,0.0001,0.003
29_1,0,validation,24,Drop,Lift -> Clear -> Lift -> Drive -> Lift -> Smash -> Drive -> Drive -> Drive -> Lift -> Drive -> Lift -> Drop -> Clear -> Lift -> Smash -> Smash -> Smash -> Smash -> Lift -> Drive -> Drive -> Lift -> Drop,0.5019,0.0001,0.003
29_1,0,validation,25,Smash,Lift -> Clear -> Lift -> Drive -> Lift -> Smash -> Drive -> Drive -> Drive -> Lift -> Drive -> Lift -> Drop -> Clear -> Lift -> Smash -> Smash -> Smash -> Smash -> Lift -> Drive -> Drive -> Lift -> Drop -> Smash,0.502,0.0001,0.0032
29_1,0,validation,26,Lift,Lift -> Clear -> Lift -> Drive -> Lift -> Smash -> Drive -> Drive -> Drive -> Lift -> Drive -> Lift -> Drop -> Clear -> Lift -> Smash -> Smash -> Smash -> Smash -> Lift -> Drive -> Drive -> Lift -> Drop -> Smash -> Lift,0.5021,0.0001,0.0032
29_1,0,validation,27,Drive,Lift -> Clear -> Lift -> Drive -> Lift -> Smash -> Drive -> Drive -> Drive -> Lift -> Drive -> Lift -> Drop -> Clear -> Lift -> Smash -> Smash -> Smash -> Smash -> Lift -> Drive -> Drive -> Lift -> Drop -> Smash -> Lift -> Drive,0.5022,0.0001,0.0033
29_1,0,validation,28,Smash,Lift -> Clear -> Lift -> Drive -> Lift -> Smash -> Drive -> Drive -> Drive -> Lift -> Drive -> Lift -> Drop -> Clear -> Lift -> Smash -> Smash -> Smash -> Smash -> Lift -> Drive -> Drive -> Lift -> Drop -> Smash -> Lift -> Drive -> Smash,0.5023,0.0001,0.0034
29_1,0,validation,29,Lift,Lift -> Clear -> Lift -> Drive -> Lift -> Smash -> Drive -> Drive -> Drive -> Lift -> Drive -> Lift -> Drop -> Clear -> Lift -> Smash -> Smash -> Smash -> Smash -> Lift -> Drive -> Drive -> Lift -> Drop -> Smash -> Lift -> Drive -> Smash -> Lift,0.5024,0.0001,0.0035
29_1,0,validation,30,Clear,Lift -> Clear -> Lift -> Drive -> Lift -> Smash -> Drive -> Drive -> Drive -> Lift -> Drive -> Lift -> Drop -> Clear -> Lift -> Smash -> Smash -> Smash -> Smash -> Lift -> Drive -> Drive -> Lift -> Drop -> Smash -> Lift -> Drive -> Smash -> Lift -> Clear,0.5026,0.0002,0.0037
29_1,0,validation,31,Smash,Lift -> Clear -> Lift -> Drive -> Lift -> Smash -> Drive -> Drive -> Drive -> Lift -> Drive -> Lift -> Drop -> Clear -> Lift -> Smash -> Smash -> Smash -> Smash -> Lift -> Drive -> Drive -> Lift -> Drop -> Smash -> Lift -> Drive -> Smash -> Lift -> Clear -> Smash,0.5027,0.0002,0.0039
29_1,0,validation,32,Lift,Lift -> Clear -> Lift -> Drive -> Lift -> Smash -> Drive -> Drive -> Drive -> Lift -> Drive -> Lift -> Drop -> Clear -> Lift -> Smash -> Smash -> Smash -> Smash -> Lift -> Drive -> Drive -> Lift -> Drop -> Smash -> Lift -> Drive -> Smash -> Lift -> Clear -> Smash -> Lift,0.5028,0.0001,0.004
29_1,0,validation,33,Clear,Lift -> Clear -> Lift -> Drive -> Lift -> Smash -> Drive -> Drive -> Drive -> Lift -> Drive -> Lift -> Drop -> Clear -> Lift -> Smash -> Smash -> Smash -> Smash -> Lift -> Drive -> Drive -> Lift -> Drop -> Smash -> Lift -> Drive -> Smash -> Lift -> Clear -> Smash -> Lift -> Clear,0.503,0.0002,0.0041
29_1,0,validation,34,Smash,Lift -> Clear -> Lift -> Drive -> Lift -> Smash -> Drive -> Drive -> Drive -> Lift -> Drive -> Lift -> Drop -> Clear -> Lift -> Smash -> Smash -> Smash -> Smash -> Lift -> Drive -> Drive -> Lift -> Drop -> Smash -> Lift -> Drive -> Smash -> Lift -> Clear -> Smash -> Lift -> Clear -> Smash,0.5032,0.0002,0.0043
29_1,0,validation,35,Lift,Lift -> Clear -> Lift -> Drive -> Lift -> Smash -> Drive -> Drive -> Drive -> Lift -> Drive -> Lift -> Drop -> Clear -> Lift -> Smash -> Smash -> Smash -> Smash -> Lift -> Drive -> Drive -> Lift -> Drop -> Smash -> Lift -> Drive -> Smash -> Lift -> Clear -> Smash -> Lift -> Clear -> Smash -> Lift,0.5033,0.0001,0.0044
29_1,0,validation,36,Smash,Lift -> Clear -> Lift -> Drive -> Lift -> Smash -> Drive -> Drive -> Drive -> Lift -> Drive -> Lift -> Drop -> Clear -> Lift -> Smash -> Smash -> Smash -> Smash -> Lift -> Drive -> Drive -> Lift -> Drop -> Smash -> Lift -> Drive -> Smash -> Lift -> Clear -> Smash -> Lift -> Clear -> Smash -> Lift -> Smash,0.5034,0.0001,0.0045
29_1,0,validation,37,Fall,Lift -> Clear -> Lift -> Drive -> Lift -> Smash -> Drive -> Drive -> Drive -> Lift -> Drive -> Lift -> Drop -> Clear -> Lift -> Smash -> Smash -> Smash -> Smash -> Lift -> Drive -> Drive -> Lift -> Drop -> Smash -> Lift -> Drive -> Smash -> Lift -> Clear -> Smash -> Lift -> Clear -> Smash -> Lift -> Smash -> Fall,0.5036,0.0002,0.0047
29_2,0,train,1,Lift,Lift,0.4989,0.0,0.0
29_2,0,train,2,Drive,Lift -> Drive,0.4984,-0.0005,-0.0005
29_2,0,train,3,Drive,Lift -> Drive -> Drive,0.498,-0.0004,-0.0008
29_2,0,train,4,Drop,Lift -> Drive -> Drive -> Drop,0.4976,-0.0005,-0.0013
29_2,0,train,5,Clear,Lift -> Drive -> Drive -> Drop -> Clear,0.4981,0.0005,-0.0008
29_2,0,train,6,Drive,Lift -> Drive -> Drive -> Drop -> Clear -> Drive,0.4983,0.0003,-0.0005
29_2,0,train,7,Drop,Lift -> Drive -> Drive -> Drop -> Clear -> Drive -> Drop,0.4984,0.0001,-0.0005
29_2,0,train,8,Smash,Lift -> Drive -> Drive -> Drop -> Clear -> Drive -> Drop -> Smash,0.4987,0.0003,-0.0001
29_2,0,train,9,Drive,Lift -> Drive -> Drive -> Drop -> Clear -> Drive -> Drop -> Smash -> Drive,0.499,0.0002,0.0001
29_2,0,train,10,Net,Lift -> Drive -> Drive -> Drop -> Clear -> Drive -> Drop -> Smash -> Drive -> Net,0.4993,0.0003,0.0004
29_3,0,train,1,Smash,Smash,0.5043,0.0,0.0
29_3,0,train,2,Lift,Smash -> Lift,0.5003,-0.004,-0.004
29_3,0,train,3,Clear,Smash -> Lift -> Clear,0.5018,0.0015,-0.0025
29_3,0,train,4,Fall,Smash -> Lift -> Clear -> Fall,0.5048,0.003,0.0005
29_4,0,test,1,Serve,Serve,0.4931,0.0,0.0
29_4,0,test,2,Drop,Serve -> Drop,0.4938,0.0007,0.0007
29_4,0,test,3,Lift,Serve -> Drop -> Lift,0.4943,0.0005,0.0012
29_4,0,test,4,Smash,Serve -> Drop -> Lift -> Smash,0.4952,0.0009,0.0021
29_4,0,test,5,Lift,Serve -> Drop -> Lift -> Smash -> Lift,0.4959,0.0006,0.0028
29_4,0,test,6,Clear,Serve -> Drop -> Lift -> Smash -> Lift -> Clear,0.497,0.0011,0.0039
29_4,0,test,7,Clear,Serve -> Drop -> Lift -> Smash -> Lift -> Clear -> Clear,0.4982,0.0013,0.0051
29_4,0,test,8,Drive,Serve -> Drop -> Lift -> Smash -> Lift -> Clear -> Clear -> Drive,0.499,0.0008,0.0059
29_4,0,test,9,Clear,Serve -> Drop -> Lift -> Smash -> Lift -> Clear -> Clear -> Drive -> Clear,0.4999,0.0009,0.0068
29_4,0,test,10,Drive,Serve -> Drop -> Lift -> Smash -> Lift -> Clear -> Clear -> Drive -> Clear -> Drive,0.5005,0.0005,0.0073
29_4,0,test,11,Net,Serve -> Drop -> Lift -> Smash -> Lift -> Clear -> Clear -> Drive -> Clear -> Drive -> Net,0.5009,0.0004,0.0078
85_1,1,test,1,Serve,Serve,0.4931,0.0,0.0
85_1,1,test,2,Lift,Serve -> Lift,0.4941,0.001,0.001
85_1,1,test,3,Lift,Serve -> Lift -> Lift,0.4945,0.0004,0.0014
85_1,1,test,4,Clear,Serve -> Lift -> Lift -> Clear,0.4958,0.0013,0.0027
85_1,1,test,5,Serve,Serve -> Lift -> Lift -> Clear -> Serve,0.4955,-0.0003,0.0024
85_1,1,test,6,Drive,Serve -> Lift -> Lift -> Clear -> Serve -> Drive,0.4957,0.0002,0.0026
85_1,1,test,7,Net Kill,Serve -> Lift -> Lift -> Clear -> Serve -> Drive -> Net Kill,0.4965,0.0008,0.0034
85_1,1,test,8,Clear,Serve -> Lift -> Lift -> Clear -> Serve -> Drive -> Net Kill -> Clear,0.4975,0.001,0.0044
85_1,1,test,9,Lift,Serve -> Lift -> Lift -> Clear -> Serve -> Drive -> Net Kill -> Clear -> Lift,0.4981,0.0006,0.005
85_1,1,test,10,Fall,Serve -> Lift -> Lift -> Clear -> Serve -> Drive -> Net Kill -> Clear -> Lift -> Fall,0.4992,0.001,0.0061
85_2,1,test,1,Net Shot,Net Shot,0.5165,0.0,0.0
85_2,1,test,2,Smash,Net Shot -> Smash,0.5147,-0.0018,-0.0018
85_2,1,test,3,Net Shot,Net Shot -> Smash -> Net Shot,0.5161,0.0015,-0.0004
85_2,1,test,4,Lift,Net Shot -> Smash -> Net Shot -> Lift,0.5133,-0.0029,-0.0033
85_2,1,test,5,Net Shot,Net Shot -> Smash -> Net Shot -> Lift -> Net Shot,0.5132,-0.0001,-0.0034
85_2,1,test,6,Drop,Net Shot -> Smash -> Net Shot -> Lift -> Net Shot -> Drop,0.5095,-0.0037,-0.007
85_2,1,test,7,Lift,Net Shot -> Smash -> Net Shot -> Lift -> Net Shot -> Drop -> Lift,0.5068,-0.0027,-0.0098
85_2,1,test,8,Lift,Net Shot -> Smash -> Net Shot -> Lift -> Net Shot -> Drop -> Lift -> Lift,0.5051,-0.0017,-0.0114
85_2,1,test,9,Net,Net Shot -> Smash -> Net Shot -> Lift -> Net Shot -> Drop -> Lift -> Lift -> Net,0.5042,-0.0008,-0.0123
85_3,1,train,1,Out,Out,0.5191,0.0,0.0
85_4,1,train,1,Lift,Lift,0.4989,0.0,0.0
85_4,1,train,2,Serve,Lift -> Serve,0.4959,-0.003,-0.003
85_4,1,train,3,Lift,Lift -> Serve -> Lift,0.4954,-0.0005,-0.0034
85_4,1,train,4,Fall,Lift -> Serve -> Lift -> Fall,0.4968,0.0013,-0.0021
85_5,1,test,1,Lift,Lift,0.4989,0.0,0.0
85_5,1,test,2,Net Shot,Lift -> Net Shot,0.5025,0.0037,0.0037
85_5,1,test,3,Smash,Lift -> Net Shot -> Smash,0.5028,0.0002,0.0039
85_5,1,test,4,Lift,Lift -> Net Shot -> Smash -> Lift,0.5015,-0.0013,0.0026
85_5,1,test,5,Long Defence,Lift -> Net Shot -> Smash -> Lift -> Long Defence,0.502,0.0005,0.0031
85_5,1,test,6,Long Defence,Lift -> Net Shot -> Smash -> Lift -> Long Defence -> Long Defence,0.5033,0.0013,0.0044
85_5,1,test,7,Net Shot,Lift -> Net Shot -> Smash -> Lift -> Long Defence -> Long Defence -> Net Shot,0.505,0.0017,0.0061
85_5,1,test,8,Clear,Lift -> Net Shot -> Smash -> Lift -> Long Defence -> Long Defence -> Net Shot -> Clear,0.5068,0.0019,0.0079
85_5,1,test,9,Long Defence,Lift -> Net Shot -> Smash -> Lift -> Long Defence -> Long Defence -> Net Shot -> Clear -> Long Defence,0.5088,0.002,0.0099
85_5,1,test,10,Net,Lift -> Net Shot -> Smash -> Lift -> Long Defence -> Long Defence -> Net Shot -> Clear -> Long Defence -> Net,0.5104,0.0017,0.0116
85_6,1,train,1,Net Shot,Net Shot,0.5165,0.0,0.0
85_6,1,train,2,Clear,Net Shot -> Clear,0.5211,0.0046,0.0046
85_6,1,train,3,Short Defence,Net Shot -> Clear -> Short Defence,0.5241,0.0029,0.0075
85_6,1,train,4,Clear,Net Shot -> Clear -> Short Defence -> Clear,0.5264,0.0023,0.0099
85_6,1,train,5,Net Shot,Net Shot -> Clear -> Short Defence -> Clear -> Net Shot,0.5278,0.0014,0.0112
85_6,1,train,6,Smash,Net Shot -> Clear -> Short Defence -> Clear -> Net Shot -> Smash,0.527,-0.0007,0.0105
85_6,1,train,7,Net Shot,Net Shot -> Clear -> Short Defence -> Clear -> Net Shot -> Smash -> Net Shot,0.5268,-0.0002,0.0103
85_6,1,train,8,Clear,Net Shot -> Clear -> Short Defence -> Clear -> Net Shot -> Smash -> Net Shot -> Clear,0.5272,0.0004,0.0107
85_6,1,train,9,Serve,Net Shot -> Clear -> Short Defence -> Clear -> Net Shot -> Smash -> Net Shot -> Clear -> Serve,0.5248,-0.0024,0.0083
85_6,1,train,10,Lift,Net Shot -> Clear -> Short Defence -> Clear -> Net Shot -> Smash -> Net Shot -> Clear -> Serve -> Lift,0.5217,-0.0031,0.0052
85_6,1,train,11,Drive,Net Shot -> Clear -> Short Defence -> Clear -> Net Shot -> Smash -> Net Shot -> Clear -> Serve -> Lift -> Drive,0.5188,-0.0029,0.0023
85_6,1,train,12,Net Shot,Net Shot -> Clear -> Short Defence -> Clear -> Net Shot -> Smash -> Net Shot -> Clear -> Serve -> Lift -> Drive -> Net Shot,0.5171,-0.0017,0.0006
85_6,1,train,13,Smash,Net Shot -> Clear -> Short Defence -> Clear -> Net Shot -> Smash -> Net Shot -> Clear -> Serve -> Lift -> Drive -> Net Shot -> Smash,0.5157,-0.0014,-0.0008
85_6,1,train,14,Net Kill,Net Shot -> Clear -> Short Defence -> Clear -> Net Shot -> Smash -> Net Shot -> Clear -> Serve -> Lift -> Drive -> Net Shot -> Smash -> Net Kill,0.5147,-0.001,-0.0018
85_6,1,train,15,Lift,Net Shot -> Clear -> Short Defence -> Clear -> Net Shot -> Smash -> Net Shot -> Clear -> Serve -> Lift -> Drive -> Net Shot -> Smash -> Net Kill -> Lift,0.5134,-0.0013,-0.0031
85_6,1,train,16,Drive,Net Shot -> Clear -> Short Defence -> Clear -> Net Shot -> Smash -> Net Shot -> Clear -> Serve -> Lift -> Drive -> Net Shot -> Smash -> Net Kill -> Lift -> Drive,0.5122,-0.0012,-0.0043
85_6,1,train,17,Drive,Net Shot -> Clear -> Short Defence -> Clear -> Net Shot -> Smash -> Net Shot -> Clear -> Serve -> Lift -> Drive -> Net Shot -> Smash -> Net Kill -> Lift -> Drive -> Drive,0.5113,-0.001,-0.0052
85_6,1,train,18,Lift,Net Shot -> Clear -> Short Defence -> Clear -> Net Shot -> Smash -> Net Shot -> Clear -> Serve -> Lift -> Drive -> Net Shot -> Smash -> Net Kill -> Lift -> Drive -> Drive -> Lift,0.5103,-0.0009,-0.0062
85_6,1,train,19,Net Kill,Net Shot -> Clear -> Short Defence -> Clear -> Net Shot -> Smash -> Net Shot -> Clear -> Serve -> Lift -> Drive -> Net Shot -> Smash -> Net Kill -> Lift -> Drive -> Drive -> Lift -> Net Kill,0.5097,-0.0006,-0.0068
85_6,1,train,20,Lift,Net Shot -> Clear -> Short Defence -> Clear -> Net Shot -> Smash -> Net Shot -> Clear -> Serve -> Lift -> Drive -> Net Shot -> Smash -> Net Kill -> Lift -> Drive -> Drive -> Lift -> Net Kill -> Lift,0.509,-0.0007,-0.0075
85_6,1,train,21,Long Defence,Net Shot -> Clear -> Short Defence -> Clear -> Net Shot -> Smash -> Net Shot -> Clear -> Serve -> Lift -> Drive -> Net Shot -> Smash -> Net Kill -> Lift -> Drive -> Drive -> Lift -> Net Kill -> Lift -> Long Defence,0.5087,-0.0003,-0.0078
85_6,1,train,22,Serve,Net Shot -> Clear -> Short Defence -> Clear -> Net Shot -> Smash -> Net Shot -> Clear -> Serve -> Lift -> Drive -> Net Shot -> Smash -> Net Kill -> Lift -> Drive -> Drive -> Lift -> Net Kill -> Lift -> Long Defence -> Serve,0.508,-0.0007,-0.0085
85_6,1,train,23,Lift,Net Shot -> Clear -> Short Defence -> Clear -> Net Shot -> Smash -> Net Shot -> Clear -> Serve -> Lift -> Drive -> Net Shot -> Smash -> Net Kill -> Lift -> Drive -> Drive -> Lift -> Net Kill -> Lift -> Long Defence -> Serve -> Lift,0.5074,-0.0006,-0.0091
85_6,1,train,24,Drive,Net Shot -> Clear -> Short Defence -> Clear -> Net Shot -> Smash -> Net Shot -> Clear -> Serve -> Lift -> Drive -> Net Shot -> Smash -> Net Kill -> Lift -> Drive -> Drive -> Lift -> Net Kill -> Lift -> Long Defence -> Serve -> Lift -> Drive,0.5069,-0.0005,-0.0096
85_6,1,train,25,Smash,Net Shot -> Clear -> Short Defence -> Clear -> Net Shot -> Smash -> Net Shot -> Clear -> Serve -> Lift -> Drive -> Net Shot -> Smash -> Net Kill -> Lift -> Drive -> Drive -> Lift -> Net Kill -> Lift -> Long Defence -> Serve -> Lift -> Drive -> Smash,0.5064,-0.0004,-0.0101
85_6,1,train,26,Drive,Net Shot -> Clear -> Short Defence -> Clear -> Net Shot -> Smash -> Net Shot -> Clear -> Serve -> Lift -> Drive -> Net Shot -> Smash -> Net Kill -> Lift -> Drive -> Drive -> Lift -> Net Kill -> Lift -> Long Defence -> Serve -> Lift -> Drive -> Smash -> Drive,0.506,-0.0004,-0.0105
85_6,1,train,27,Net,Net Shot -> Clear -> Short Defence -> Clear -> Net Shot -> Smash -> Net Shot -> Clear -> Serve -> Lift -> Drive -> Net Shot -> Smash -> Net Kill -> Lift -> Drive -> Drive -> Lift -> Net Kill -> Lift -> Long Defence -> Serve -> Lift -> Drive -> Smash -> Drive -> Net,0.5058,-0.0003,-0.0108
111_1,0,test,1,Serve,Serve,0.4931,0.0,0.0
111_1,0,test,2,Smash,Serve -> Smash,0.495,0.0019,0.0019
111_1,0,test,3,Drop,Serve -> Smash -> Drop,0.4952,0.0002,0.0021
111_1,0,test,4,Drive,Serve -> Smash -> Drop -> Drive,0.4955,0.0004,0.0024
111_1,0,test,5,Clear,Serve -> Smash -> Drop -> Drive -> Clear,0.4966,0.0011,0.0035
111_1,0,test,6,Clear,Serve -> Smash -> Drop -> Drive -> Clear -> Clear,0.4979,0.0013,0.0048
111_1,0,test,7,Drive,Serve -> Smash -> Drop -> Drive -> Clear -> Clear -> Drive,0.4986,0.0007,0.0055
111_1,0,test,8,Lift,Serve -> Smash -> Drop -> Drive -> Clear -> Clear -> Drive -> Lift,0.499,0.0004,0.0059
111_1,0,test,9,Drop,Serve -> Smash -> Drop -> Drive -> Clear -> Clear -> Drive -> Lift -> Drop,0.4992,0.0002,0.0061
111_1,0,test,10,Drive,Serve -> Smash -> Drop -> Drive -> Clear -> Clear -> Drive -> Lift -> Drop -> Drive,0.4994,0.0002,0.0063
111_1,0,test,11,Drive,Serve -> Smash -> Drop -> Drive -> Clear -> Clear -> Drive -> Lift -> Drop -> Drive -> Drive,0.4996,0.0002,0.0065
111_1,0,test,12,Lift,Serve -> Smash -> Drop -> Drive -> Clear -> Clear -> Drive -> Lift -> Drop -> Drive -> Drive -> Lift,0.4998,0.0002,0.0067
111_1,0,test,13,Drop,Serve -> Smash -> Drop -> Drive -> Clear -> Clear -> Drive -> Lift -> Drop -> Drive -> Drive -> Lift -> Drop,0.4999,0.0001,0.0068
111_1,0,test,14,Net,Serve -> Smash -> Drop -> Drive -> Clear -> Clear -> Drive -> Lift -> Drop -> Drive -> Drive -> Lift -> Drop -> Net,0.5001,0.0002,0.007
111_2,0,train,1,Serve,Serve,0.4931,0.0,0.0
111_2,0,train,2,Drive,Serve -> Drive,0.494,0.0009,0.0009
111_2,0,train,3,Lift,Serve -> Drive -> Lift,0.4945,0.0005,0.0014
111_2,0,train,4,Drop,Serve -> Drive -> Lift -> Drop,0.4947,0.0002,0.0016
111_2,0,train,5,Drop,Serve -> Drive -> Lift -> Drop -> Drop,0.495,0.0003,0.0019
111_2,0,train,6,Drive,Serve -> Drive -> Lift -> Drop -> Drop -> Drive,0.4954,0.0004,0.0023
111_2,0,train,7,Drive,Serve -> Drive -> Lift -> Drop -> Drop -> Drive -> Drive,0.4959,0.0005,0.0028
111_2,0,train,8,Clear,Serve -> Drive -> Lift -> Drop -> Drop -> Drive -> Drive -> Clear,0.4968,0.0009,0.0037
111_2,0,train,9,Serve,Serve -> Drive -> Lift -> Drop -> Drop -> Drive -> Drive -> Clear -> Serve,0.4969,0.0001,0.0038
111_2,0,train,10,Net,Serve -> Drive -> Lift -> Drop -> Drop -> Drive -> Drive -> Clear -> Serve -> Net,0.4972,0.0004,0.0041
111_3,1,validation,1,Serve,Serve,0.4931,0.0,0.0
111_3,1,validation,2,Clear,Serve -> Clear,0.4972,0.0041,0.0041
111_3,1,validation,3,Drop,Serve -> Clear -> Drop,0.4969,-0.0003,0.0038
111_3,1,validation,4,Clear,Serve -> Clear -> Drop -> Clear,0.4984,0.0015,0.0053
111_3,1,validation,5,Serve,Serve -> Clear -> Drop -> Clear -> Serve,0.4975,-0.0009,0.0044
111_3,1,validation,6,Smash,Serve -> Clear -> Drop -> Clear -> Serve -> Smash,0.4974,-0.0001,0.0043
111_3,1,validation,7,Clear,Serve -> Clear -> Drop -> Clear -> Serve -> Smash -> Clear,0.4981,0.0007,0.005
111_3,1,validation,8,Lift,Serve -> Clear -> Drop -> Clear -> Serve -> Smash -> Clear -> Lift,0.4987,0.0005,0.0056
111_3,1,validation,9,Drop,Serve -> Clear -> Drop -> Clear -> Serve -> Smash -> Clear -> Lift -> Drop,0.499,0.0004,0.0059
111_3,1,validation,10,Drop,Serve -> Clear -> Drop -> Clear -> Serve -> Smash -> Clear -> Lift -> Drop -> Drop,0.4993,0.0003,0.0062
111_3,1,validation,11,Lift,Serve -> Clear -> Drop -> Clear -> Serve -> Smash -> Clear -> Lift -> Drop -> Drop -> Lift,0.4996,0.0003,0.0065
111_3,1,validation,12,Lift,Serve -> Clear -> Drop -> Clear -> Serve -> Smash -> Clear -> Lift -> Drop -> Drop -> Lift -> Lift,0.4999,0.0003,0.0068
111_3,1,validation,13,Miss,Serve -> Clear -> Drop -> Clear -> Serve -> Smash -> Clear -> Lift -> Drop -> Drop -> Lift -> Lift -> Miss,0.5003,0.0003,0.0072
111_5,0,validation,1,Lift,Lift,0.4989,0.0,0.0
111_5,0,validation,2,Clear,Lift -> Clear,0.5028,0.004,0.004
111_5,0,validation,3,Drive,Lift -> Clear -> Drive,0.5028,-0.0001,0.0039
111_5,0,validation,4,Fall,Lift -> Clear -> Drive -> Fall,0.5051,0.0024,0.0063
111_6,0,train,1,Drop,Drop,0.4978,0.0,0.0
111_6,0,train,2,Drop,Drop -> Drop,0.4973,-0.0006,-0.0006
111_6,0,train,3,Net,Drop -> Drop -> Net,0.4977,0.0004,-0.0002
111_7,0,train,1,Serve,Serve,0.4931,0.0,0.0
111_7,0,train,2,Clear,Serve -> Clear,0.4972,0.0041,0.0041
111_7,0,train,3,Drop,Serve -> Clear -> Drop,0.4969,-0.0003,0.0038
111_7,0,train,4,Lift,Serve -> Clear -> Drop -> Lift,0.4966,-0.0003,0.0035
111_7,0,train,5,Clear,Serve -> Clear -> Drop -> Lift -> Clear,0.4976,0.001,0.0045
111_7,0,train,6,Lift,Serve -> Clear -> Drop -> Lift -> Clear -> Lift,0.4981,0.0006,0.005
111_7,0,train,7,Lift,Serve -> Clear -> Drop -> Lift -> Clear -> Lift -> Lift,0.4985,0.0004,0.0054
111_7,0,train,8,Smash,Serve -> Clear -> Drop -> Lift -> Clear -> Lift -> Lift -> Smash,0.4991,0.0005,0.006
111_7,0,train,9,Lift,Serve -> Clear -> Drop -> Lift -> Clear -> Lift -> Lift -> Smash -> Lift,0.4994,0.0004,0.0063
111_7,0,train,10,Drive,Serve -> Clear -> Drop -> Lift -> Clear -> Lift -> Lift -> Smash -> Lift -> Drive,0.4997,0.0003,0.0066
111_7,0,train,11,Lift,Serve -> Clear -> Drop -> Lift -> Clear -> Lift -> Lift -> Smash -> Lift -> Drive -> Lift,0.5,0.0003,0.0069
111_7,0,train,12,Fall,Serve -> Clear -> Drop -> Lift -> Clear -> Lift -> Lift -> Smash -> Lift -> Drive -> Lift -> Fall,0.5006,0.0006,0.0075
111_8,0,train,1,Clear,Clear,0.5168,0.0,0.0
111_8,0,train,2,Smash,Clear -> Smash,0.5133,-0.0035,-0.0035
111_8,0,train,3,Clear,Clear -> Smash -> Clear,0.5145,0.0012,-0.0022
111_8,0,train,4,Smash,Clear -> Smash -> Clear -> Smash,0.5134,-0.0011,-0.0034
111_8,0,train,5,Serve,Clear -> Smash -> Clear -> Smash -> Serve,0.5094,-0.004,-0.0073
111_8,0,train,6,Lift,Clear -> Smash -> Clear -> Smash -> Serve -> Lift,0.506,-0.0034,-0.0108
111_8,0,train,7,Drop,Clear -> Smash -> Clear -> Smash -> Serve -> Lift -> Drop,0.5036,-0.0024,-0.0131
111_8,0,train,8,Drop,Clear -> Smash -> Clear -> Smash -> Serve -> Lift -> Drop -> Drop,0.5023,-0.0014,-0.0145
111_8,0,train,9,Drop,Clear -> Smash -> Clear -> Smash -> Serve -> Lift -> Drop -> Drop -> Drop,0.5015,-0.0008,-0.0153
111_8,0,train,10,Clear,Clear -> Smash -> Clear -> Smash -> Serve -> Lift -> Drop -> Drop -> Drop -> Clear,0.5014,-0.0001,-0.0154
111_8,0,train,11,Drop,Clear -> Smash -> Clear -> Smash -> Serve -> Lift -> Drop -> Drop -> Drop -> Clear -> Drop,0.5012,-0.0002,-0.0156
111_8,0,train,12,Serve,Clear -> Smash -> Clear -> Smash -> Serve -> Lift -> Drop -> Drop -> Drop -> Clear -> Drop -> Serve,0.5007,-0.0005,-0.0161
111_8,0,train,13,Drop,Clear -> Smash -> Clear -> Smash -> Serve -> Lift -> Drop -> Drop -> Drop -> Clear -> Drop -> Serve -> Drop,0.5008,0.0001,-0.016
111_8,0,train,14,Lift,Clear -> Smash -> Clear -> Smash -> Serve -> Lift -> Drop -> Drop -> Drop -> Clear -> Drop -> Serve -> Drop -> Lift,0.5009,0.0002,-0.0158
111_8,0,train,15,Smash,Clear -> Smash -> Clear -> Smash -> Serve -> Lift -> Drop -> Drop -> Drop -> Clear -> Drop -> Serve -> Drop -> Lift -> Smash,0.5012,0.0003,-0.0156
111_8,0,train,16,Serve,Clear -> Smash -> Clear -> Smash -> Serve -> Lift -> Drop -> Drop -> Drop -> Clear -> Drop -> Serve -> Drop -> Lift -> Smash -> Serve,0.5012,-0.0,-0.0156
111_8,0,train,17,Clear,Clear -> Smash -> Clear -> Smash -> Serve -> Lift -> Drop -> Drop -> Drop -> Clear -> Drop -> Serve -> Drop -> Lift -> Smash -> Serve -> Clear,0.5014,0.0002,-0.0154
111_8,0,train,18,Drop,Clear -> Smash -> Clear -> Smash -> Serve -> Lift -> Drop -> Drop -> Drop -> Clear -> Drop -> Serve -> Drop -> Lift -> Smash -> Serve -> Clear -> Drop,0.5016,0.0002,-0.0152
111_8,0,train,19,Net,Clear -> Smash -> Clear -> Smash -> Serve -> Lift -> Drop -> Drop -> Drop -> Clear -> Drop -> Serve -> Drop -> Lift -> Smash -> Serve -> Clear -> Drop -> Net,0.5018,0.0002,-0.015
111_9,0,train,1,Drive,Drive,0.5036,0.0,0.0
111_9,0,train,2,Drop,Drive -> Drop,0.4985,-0.0051,-0.0051
111_9,0,train,3,Lift,Drive -> Drop -> Lift,0.4977,-0.0008,-0.0059
111_9,0,train,4,Smash,Drive -> Drop -> Lift -> Smash,0.4979,0.0002,-0.0057
111_9,0,train,5,Out,Drive -> Drop -> Lift -> Smash -> Out,0.499,0.0011,-0.0046
111_10,0,test,1,Drop,Drop,0.4978,0.0,0.0
111_10,0,test,2,Drop,Drop -> Drop,0.4973,-0.0006,-0.0006
111_10,0,test,3,Drop,Drop -> Drop -> Drop,0.4971,-0.0001,-0.0007
111_10,0,test,4,Serve,Drop -> Drop -> Drop -> Serve,0.4963,-0.0008,-0.0015
111_10,0,test,5,Lift,Drop -> Drop -> Drop -> Serve -> Lift,0.4964,0.0001,-0.0014
111_10,0,test,6,Drop,Drop -> Drop -> Drop -> Serve -> Lift -> Drop,0.4968,0.0003,-0.0011
111_10,0,test,7,Clear,Drop -> Drop -> Drop -> Serve -> Lift -> Drop -> Clear,0.4976,0.0008,-0.0002
111_10,0,test,8,Drop,Drop -> Drop -> Drop -> Serve -> Lift -> Drop -> Clear -> Drop,0.4982,0.0006,0.0004
111_10,0,test,9,Lift,Drop -> Drop -> Drop -> Serve -> Lift -> Drop -> Clear -> Drop -> Lift,0.4988,0.0006,0.001
111_10,0,test,10,Lift,Drop -> Drop -> Drop -> Serve -> Lift -> Drop -> Clear -> Drop -> Lift -> Lift,0.4993,0.0005,0.0015
111_10,0,test,11,Drop,Drop -> Drop -> Drop -> Serve -> Lift -> Drop -> Clear -> Drop -> Lift -> Lift -> Drop,0.4998,0.0004,0.0019
111_10,0,test,12,Clear,Drop -> Drop -> Drop -> Serve -> Lift -> Drop -> Clear -> Drop -> Lift -> Lift -> Drop -> Clear,0.5004,0.0006,0.0026
111_10,0,test,13,Fall,Drop -> Drop -> Drop -> Serve -> Lift -> Drop -> Clear -> Drop -> Lift -> Lift -> Drop -> Clear -> Fall,0.5013,0.0009,0.0034
